Date,Record Number,Record Type,Address,Status,Short Notes
11/07/2023,509-CA23-00367,Complaint,"65 Ross lane, Eugene 97404 United States",Closed,null
11/06/2023,509-CA23-00366,Complaint,"3736 SCENIC DR, Eugene Oregon 97404",Complaint Submitted,null
11/03/2023,509-CA23-00364,Complaint,"2165 Laura ST, Springfield OR 97",In Review,null
11/03/2023,509-CA23-00365,Complaint,"3823 Banner ST, Eugene 97404 United States",Closed,null
11/02/2023,509-CA23-00363,Complaint,"91310 TERRITORIAL HWY, Junction City OR 97448",In Review,null
11/01/2023,509-CA23-00362,Complaint,"76431 LONDON RD, Cottage Grove OR 97424",In Review,null
11/01/2023,509-CA23-00361,Complaint,"49945 HILLS CREEK RD, Oakridge OR 97463",In Review,null
10/31/2023,509-CA23-00360,Complaint,"33653 E HARVEY RD, Creswell OR 97426",Monitoring,null
10/30/2023,509-CA23-00359,Complaint,"26076 CROW RD, Eugene OR 97402",Complaint Submitted,null
10/27/2023,509-CA23-00357,Complaint,"93948 SWAMP CREEK RD, Blachly OR 97412",In Review,null
11/07/2023,509-CA23-00367,Complaint,"65 Ross lane, Eugene 97404 United States",Closed,null
11/06/2023,509-CA23-00366,Complaint,"3736 SCENIC DR, Eugene Oregon 97404",Complaint Submitted,null
11/03/2023,509-CA23-00364,Complaint,"2165 Laura ST, Springfield OR 97",In Review,null
11/03/2023,509-CA23-00365,Complaint,"3823 Banner ST, Eugene 97404 United States",Closed,null
11/02/2023,509-CA23-00363,Complaint,"91310 TERRITORIAL HWY, Junction City OR 97448",In Review,null
11/01/2023,509-CA23-00362,Complaint,"76431 LONDON RD, Cottage Grove OR 97424",In Review,null
11/01/2023,509-CA23-00361,Complaint,"49945 HILLS CREEK RD, Oakridge OR 97463",In Review,null
10/31/2023,509-CA23-00360,Complaint,"33653 E HARVEY RD, Creswell OR 97426",Monitoring,
10/30/2023,509-CA23-00359,Complaint,"26076 CROW RD, Eugene OR 97402",Complaint Submitted,
10/27/2023,509-CA23-00357,Complaint,"93948 SWAMP CREEK RD, Blachly OR 97412",In Review,
10/27/2023,509-CA23-00358,Complaint,"90450 DEADWOOD CREEK RD, Deadwood OR 97430",In Review,null
10/26/2023,509-CA23-00355,Complaint,"4800 SEAPINE DR, Florence OR 97439",Complaint Submitted,null
10/26/2023,509-CA23-00354,Complaint,"77950 HWY 99, COTTAGE GROVE OR 97424",In Review,null
10/26/2023,509-CA23-00356,Complaint,"315 MADISON ST, Eugene 97402 United States",Closed,null
10/25/2023,509-CA23-00353,Complaint,"90550 DIAMOND RIDGE LOOP, Eugene OR 97408",In Review,null
10/22/2023,509-CA23-00352,Complaint,"88247 ELLMAKER RD, Veneta OR 97487",Complaint Submitted,
10/20/2023,509-CA23-00350,Complaint,"0 Hwy 58, Eugene OR 97405",In Review,
10/20/2023,509-CA23-00351,Complaint,"82050 MAHR LN, Creswell OR 97426",Monitoring,
10/19/2023,509-CA23-00349,Complaint,"24968 OAK LN, Elmira OR 97437",Complaint Submitted,
10/19/2023,509-CA23-00348,Complaint,"38521 JASPER LOWELL RD, Fall Creek OR 97438",Monitoring,
10/18/2023,509-CA23-00347,Complaint,"32542 BEYMER RD, Eugene OR 97405",Monitoring,null
10/18/2023,509-CA23-00346,Complaint,"90242 Baker RD, Elmira 97437 United States",Closed,null
10/18/2023,509-CA23-00345,Complaint,"85526 JASPER PARK RD, Pleasant Hill OR 97455",Complete,null
10/17/2023,509-CA23-00344,Complaint,"75731 BOOTH KELLY CAMP RD, Dorena OR 97434",Closed,null
10/13/2023,509-CA23-00343,Complaint,"730 ELLSWORTH ST, Eugene OR 97402 United States",Closed,
10/13/2023,509-CA23-00342,Complaint,"1290 CLINTON RD, Eugene OR 97401 United States",Closed,
10/12/2023,509-CA23-00341,Complaint,"638 FILBERT AVE, Eugene Oregon 97404",Closed,
10/11/2023,509-CA23-00340,Complaint,,Monitoring,
10/10/2023,509-CA23-00339,Complaint,"30309 LASSEN LN, Junction City OR 97448",Complaint Submitted,
10/09/2023,509-CA23-00336,Complaint,United States,Complaint Submitted,
10/09/2023,509-CA23-00338,Complaint,"41763 DEERHORN RD, Springfield OR 97478",In Review,null
10/09/2023,509-CA23-00335,Complaint,"39346 Eagles Rest Rd, Dexter 97431 United States",Monitoring,null
10/09/2023,509-CA23-00334,Complaint,"148 SWAIN LN, EUGENE OR 97404 United States",Closed,null
10/09/2023,509-CA23-00337,Complaint,"36881 GOATS RD, Springfield OR 97478",Monitoring,null
10/04/2023,509-CA23-00333,Complaint,"839 8th street ST, Cottage grove 97424 United States",Closed,null
10/02/2023,509-CA23-00332,Complaint,"87946 DOWDY LN, Springfield OR 97478",In Review,null
10/01/2023,509-CA23-00331,Complaint,"90722 ALVADORE RD, Junction City OR 97448",In Review,
09/29/2023,509-CA23-00330,Complaint,"84787 PARKWAY RD, Pleasant Hill OR 97455",Monitoring,
09/28/2023,509-CA23-00329,Complaint,"28062 ROYAL AVE, Eugene OR 97402",Complaint Submitted,
09/27/2023,509-CA23-00328,Complaint,"39406 WALTERVILLE LN, Springfield OR 97478",Closed,
09/27/2023,509-CA23-00327,Complaint,"38978 DEXTER RD, Dexter OR 97431",Monitoring,null
09/26/2023,509-CA23-00326,Complaint,"75642 LONDON RD, Cottage Grove OR 97424",Complaint Submitted,null
09/25/2023,509-CA23-00325,Complaint,null,In Review,null
09/24/2023,509-CA23-00324,Complaint,"4894 Henceforth Lane, Eugene 97402 United States",Closed,null
09/22/2023,509-CA23-00323,Complaint,"88247 ellmaker RD, veneta 97487 United States",Complaint Submitted,null
09/21/2023,509-CA23-00322,Complaint,"28093 CROSSLEY LN, Eugene OR 97402",Complaint Submitted,null
09/21/2023,509-CA23-00321,Complaint,"484 Pinedale AVE, Springfield OR 97477",Complete,
09/19/2023,509-CA23-00320,Complaint,"30327 SEELY LN, Eugene OR 97405",Monitoring,
09/19/2023,509-CA23-00319,Complaint,"92068 MAPLE LN, Springfield OR 97478",Monitoring,
09/19/2023,509-CA23-00318,Complaint,"77052 BROCK RD, Oakridge OR 97463",In Review,
09/18/2023,509-CA23-00317,Complaint,"85192 SPRUCE ST, Florence OR 97439",Complaint Submitted,null
09/17/2023,509-CA23-00316,Complaint,"759 W 11th ave AVE, Eugene 97402 United States",Closed,null
09/16/2023,509-CA23-00315,Complaint,United States,Complaint Submitted,null
09/15/2023,509-CA23-00314,Complaint,"88223 1st AVE, Florence 97439 United States",Complaint Submitted,null
09/15/2023,509-CA23-00312,Complaint,"34102 ORCHARD AVE, Creswell OR 97426",In Review,null
09/15/2023,509-CA23-00313,Complaint,"30764 KOINONIA RD, Eugene OR 97405",Closed,
09/14/2023,509-CA23-00310,Complaint,"49549 MCKENZIE HWY, Vida OR 97488",In Review,
09/14/2023,509-CA23-00309,Complaint,"85910 EDENVALE RD, Pleasant Hill OR 97455",In Review,
09/14/2023,509-CA23-00311,Complaint,"24171 PANTHER CREEK RD, Veneta OR 97487",Complaint Submitted,
09/12/2023,509-CA23-00307,Complaint,"8305 DUNCAN ISLAND RD, Mapleton OR 97453",Closed,
09/12/2023,509-CA23-00308,Complaint,"8305 DUNCAN ISLAND RD, Mapleton OR 97453",Complaint Submitted,null
09/11/2023,509-CA23-00306,Complaint,null,In Review,null
09/09/2023,509-CA23-00305,Complaint,"81727 MAHR LN, Creswell OR 97426",Closed,null
09/08/2023,509-CA23-00303,Complaint,"33139 CAMAS SWALE RD, Creswell OR 97426",Closed,null
09/08/2023,509-CA23-00304,Complaint,"81727 MAHR LN, Creswell OR 97426",Complaint Submitted,null
09/06/2023,509-CA23-00301,Complaint,,In Review,
09/06/2023,509-CA23-00302,Complaint,"1125 Hayden Bridge RD, Springfield 97477 United States",Closed,
09/06/2023,509-CA23-00299,Complaint,"82064 HOWE LN, Creswell OR 97426",Closed,
09/06/2023,509-CA23-00300,Complaint,"39586 LITTLE FALL CREEK RD, Fall Creek OR 97438",In Review,
09/05/2023,509-CA23-00298,Complaint,"36526 JASPER RD, Springfield OR 97478",Monitoring,
09/05/2023,509-CA23-00297,Complaint,"1400 GOLDEN AVE, Eugene OR 97404 United States",Closed,null
09/05/2023,509-CA23-00296,Complaint,"2790 S Pinerock dr DR, Eugene 97403 United States",Closed,null
09/05/2023,509-CA23-00295,Complaint,null,In Review,null
09/02/2023,509-CA23-00294,Complaint,"2158 Berwin LN, Eugene 97404 United States",Closed,null
09/01/2023,509-CA23-00293,Complaint,null,Complete,null
08/31/2023,509-CA23-00292,Complaint,null,In Review,null
08/31/2023,509-CA23-00291,Complaint,"90210 MERRYMAN RD, Eugene OR 97402",In Review,
08/30/2023,509-CA23-00289,Complaint,"84406 N ENTERPRISE RD, Pleasant Hill OR 97455",Monitoring,
08/30/2023,509-CA23-00290,Complaint,"1867 Happy LN, Eugene 97401 United States",Closed,
08/29/2023,509-CA23-00288,Complaint,"7524 Thurston Rd, Springfield OR 97478",Monitoring,
08/28/2023,509-CA23-00287,Complaint,"86065 TERRITORIAL HWY, Veneta OR 97487",In Review,null
08/24/2023,509-CA23-00285,Complaint,"32370 PICKNELL ST, Cottage Grove OR 97424",Monitoring,null
08/24/2023,509-CA23-00286,Complaint,"30764 KOINONIA RD, Eugene OR 97405",Complaint Submitted,null
08/23/2023,509-CA23-00284,Complaint,"84904 LAUGHLIN RD, Eugene OR 97405",Monitoring,null
08/23/2023,509-CA23-00283,Complaint,null,In Review,null
08/22/2023,509-CA23-00282,Complaint,"3823 Banner ST, Eugene 97404 United States",Closed,
08/21/2023,509-CA23-00280,Complaint,"88247 ellmaker RD, veneta 97487 United States",Complaint Submitted,
08/21/2023,509-CA23-00281,Complaint,"39078 HENDRICKS PARK RD, Springfield OR 97478",Complaint Submitted,
08/20/2023,509-CA23-00279,Complaint,"19319 36 HWY, Blachly 97412 United States",Complaint Submitted,
08/18/2023,509-CA23-00278,Complaint,United States,Closed,
08/17/2023,509-CA23-00277,Complaint,null,Complaint Submitted,null
08/16/2023,509-CA23-00276,Complaint,United States,Complaint Submitted,null
08/14/2023,509-CA23-00274,Complaint,"84755 HWY 101, Florence OR 97439",Complaint Submitted,null
08/14/2023,509-CA23-00275,Complaint,null,Complaint Submitted,null
08/14/2023,509-CA23-00273,Complaint,"87511 RHODOWOOD DR, Florence OR 97439",Complete,null
08/12/2023,509-CA23-00272,Complaint,"1410 E 20th ST, Eugene 97403 United States",Closed,null
08/12/2023,509-CA23-00271,Complaint,"30327 SEELY LN, Eugene OR 97405",Closed,null
08/11/2023,509-CA23-00270,Complaint,"83221 BRADFORD RD, Creswell OR 97426",Complaint Submitted,null
08/11/2023,509-CA23-00269,Complaint,"83780 RAINTREE ST, Creswell OR 97426",In Review,null
08/09/2023,509-CA23-00267,Complaint,"2555 Roosevelt BLVD, Eugene 97402 United States",Closed,null
08/09/2023,509-CA23-00266,Complaint,null,Complete,null
08/09/2023,509-CA23-00268,Complaint,"7450 THURSTON RD, Springfield OR 97478 United States",In Review,null
08/08/2023,509-CA23-00265,Complaint,United States,Monitoring,null
08/08/2023,509-CA23-00264,Complaint,"927 Travis AVE, Eugene 97404 United States",Complaint Submitted,null
08/07/2023,509-CA23-00260,Complaint,"36366 SHOREVIEW DR, DORENA OR 97434",In Review,null
08/07/2023,509-CA23-00263,Complaint,"56463 NORTH BANK RD, McKenzie Bridge OR 97413",In Review,null
08/07/2023,509-CA23-00261,Complaint,"39024 DEXTER RD, Dexter OR 97431",In Review,null
08/07/2023,509-CA23-00262,Complaint,"88909 LOIS LN, Elmira OR 97437",In Review,null
08/06/2023,509-CA23-00259,Complaint,"83221 BRADFORD RD, Creswell OR 97426",Closed,
08/04/2023,509-CA23-00257,Complaint,"27263 6TH ST, Junction City OR 97448",In Review,
08/04/2023,509-CA23-00258,Complaint,"88256 CHESTNUT ST, Mapleton OR 97453",Complaint Submitted,null
08/03/2023,509-CA23-00256,Complaint,"85680 ALDEN LN, Springfield OR 97478",In Review,null
08/03/2023,509-CA23-00255,Complaint,"94967 HWY 99E, Junction City OR 97448",Complaint Submitted,null
08/02/2023,509-CA23-00253,Complaint,"1400 Mississippi, United States",Complaint Submitted,null
08/02/2023,509-CA23-00254,Complaint,"37558 HILLS CREEK ROAD, Springfield 97478 United States",Complaint Submitted,null
08/02/2023,509-CA23-00252,Complaint,United States,Complaint Submitted,null
08/01/2023,509-CA23-00251,Complaint,"91394 PLACE LN, Junction City OR 97448",In Review,
07/31/2023,509-CA23-00248,Complaint,"87010 Cedar Flat RD, Springfield 97478 United States",Complaint Submitted,
07/31/2023,509-CA23-00250,Complaint,"29882 KELSO ST, Eugene OR 97402",In Review,
07/31/2023,509-CA23-00249,Complaint,"91431 STALLINGS LN, EUGENE OR 97408",In Review,
07/28/2023,509-CA23-00247,Complaint,"46855 SUNSET AVE, Westfir OR 97492",Closed,null
07/27/2023,509-CA23-00246,Complaint,"88336 N Hwy 101 HWY, Florence 97439 United States",Closed,null
07/26/2023,509-CA23-00244,Complaint,"4923 Morely LOOP, Eugene 97402 United States",Closed,null
07/26/2023,509-CA23-00245,Complaint,"190 N Cleveland ST, Eugene 97402 United States",Closed,null
07/26/2023,509-CA23-00243,Complaint,"39372 WALTERVILLE LN, Springfield OR 97478",In Review,null
07/26/2023,509-CA23-00242,Complaint,"86400 BAILEY HILL RD, EUGENE OR 97405",In Review,null
07/25/2023,509-CA23-00241,Complaint,"38847 MATHEWS DR, Dexter OR 97431",In Review,null
07/24/2023,509-CA23-00238,Complaint,"34087 WALNUT LN, Creswell OR 97426",Complete,null
07/24/2023,509-CA23-00240,Complaint,"88247 ellmaker RD, veneta 97487 United States",Closed,
07/24/2023,509-CA23-00239,Complaint,"88247 ELLMAKER RD, Veneta OR 97487",In Review,
07/23/2023,509-CA23-00237,Complaint,"31747 W Cottage Grove Lorane Rd RD, Cottage Grove 97424 United States",Closed,null
07/22/2023,509-CA23-00236,Complaint,"84846 S WILLAMETTE ST, Eugene OR 97405",Complete,null
07/21/2023,509-CA23-00235,Complaint,"36826 CAMP CREEK RD, Springfield OR 97478",Complaint Submitted,null
07/21/2023,509-CA23-00234,Complaint,"75586 WICKS RD, Dorena OR 97434",In Review,null
07/20/2023,509-CA23-00233,Complaint,"1321 Linden AVE, Springfield 97477 United States",Closed,null
07/20/2023,509-CA23-00232,Complaint,"90173 GOODMAN RD, Junction City OR 97448",Closed,null
07/19/2023,509-CA23-00231,Complaint,"33620 E Harvey RD, Creswell 97426 United States",Complaint Submitted,null
07/17/2023,509-CA23-00230,Complaint,"89948 TERRITORIAL HWY, ELMIRA OR 97437",Complaint Submitted,
07/14/2023,509-CA23-00229,Complaint,"3535 WILLOWBROOK ST, Eugene OR 97404",Closed,
07/13/2023,509-CA23-00227,Complaint,"79448 SEARS RD, Cottage Grove OR 97424",In Review,
07/13/2023,509-CA23-00226,Complaint,"88336 HWY 101, Florence OR 97439",Closed,null
07/13/2023,509-CA23-00228,Complaint,United States,Closed,null
07/12/2023,509-CA23-00225,Complaint,United States,Closed,null
07/12/2023,509-CA23-00224,Complaint,"38873 DEXTER RD, Dexter OR 97431",In Review,null
07/12/2023,509-CA23-00223,Complaint,,Complaint Submitted,
07/11/2023,509-CA23-00222,Complaint,"24736 SUTTLE RD, Elmira OR 97437",In Review,
07/10/2023,509-CA23-00221,Complaint,"25847 GARITH LN, Veneta OR 97487",In Review,
07/10/2023,509-CA23-00220,Complaint,"38051 M J CHASE RD, Springfield OR 97478",Complaint Submitted,
07/08/2023,509-CA23-00219,Complaint,"85945 EDENVALE RD, Pleasant Hill OR 97455",In Review,
07/07/2023,509-CA23-00218,Complaint,"88528 3RD AVE, Florence OR 97439",Closed,
07/06/2023,509-CA23-00217,Complaint,"43003 MCKENZIE HWY, Leaburg OR 97489",In Review,null
07/06/2023,509-CA23-00216,Complaint,"88336 HWY 101, Florence OR 97439",In Review,null
07/05/2023,509-CA23-00215,Complaint,"49654 HIGH PRAIRIE LOOP, Oakridge OR 97463",In Review,null
07/03/2023,509-CA23-00214,Complaint,"115 KINGSBURY AVE, Eugene Oregon 97404",In Review,null
07/01/2023,509-CA23-00213,Complaint,"2280 Wemberly WAY, Springfield 97477 United States",In Review,null
06/30/2023,509-CA23-00212,Complaint,"1990 W 18th, Eugene 97405 United States",Closed,null
06/29/2023,509-CA23-00211,Complaint,"85295 MARRIOTT LN, Pleasant Hill OR 97455",In Review,
06/27/2023,509-CA23-00208,Complaint,"88876 TERRITORIAL HWY, Elmira OR 97437",Closed,
06/27/2023,509-CA23-00209,Complaint,"1476 Oak Drive DR, Eugene 97404 United States",Closed,
06/27/2023,509-CA23-00207,Complaint,"1095 Saville AVE, Eugene 97404 United States",Closed,
06/27/2023,509-CA23-00210,Complaint,"31728 COTTAGE GROVE LORANE RD, COTTAGE GROVE OR 97424",Closed,null
06/26/2023,509-CA23-00205,Complaint,"90953 ANGELS FLIGHT RD, Leaburg OR 97489",Closed,null
06/26/2023,509-CA23-00206,Complaint,"753 Ruby AVE, Eugene 97404 United States",In Review,null
06/26/2023,509-CA23-00204,Complaint,"89375 Old Coburg Road RD, Eugene 97408 United States",Closed,null
06/25/2023,509-CA23-00203,Complaint,"361 E 12th AVE, Eugene 97401 United States",Closed,null
06/23/2023,509-CA23-00201,Complaint,"190 (MP)Hwy 101 HWY, Florence 97439 United States",Closed,
06/23/2023,509-CA23-00202,Complaint,,Closed,
06/23/2023,509-CA23-00200,Complaint,United States,In Review,
06/23/2023,509-CA23-00199,Complaint,"3535 Willowbrook ST, Eugene OR 97404",In Review,
06/22/2023,509-CA23-00198,Complaint,"92216 WHITMORE ST, Marcola OR 97454",Complete,
06/21/2023,509-CA23-00197,Complaint,"7470 MAPLE CREEK RD, Westlake OR 97493",In Review,null
06/20/2023,509-CA23-00196,Complaint,"89375 OLD COBURG RD, Eugene OR 97408",Closed,null
06/17/2023,509-CA23-00195,Complaint,"88012 WOODLANDS DR, Florence OR 97439",Closed,null
06/16/2023,509-CA23-00192,Complaint,"94973 TOFTDAHL RD, Junction City OR 97448",Monitoring,null
06/16/2023,509-CA23-00193,Complaint,"85895 1ST ST, Eugene OR 97405",In Review,null
06/16/2023,509-CA23-00194,Complaint,"85901 1ST ST, Eugene OR 97405",In Review,null
06/15/2023,509-CA23-00191,Complaint,"50251 MCKENZIE HWY, Vida OR 97488",Closed,null
06/15/2023,509-CA23-00189,Complaint,"35914 CAMP CREEK RD, Springfield OR 97478",Complaint Submitted,
06/15/2023,509-CA23-00190,Complaint,"823 S Greenwich Ave AVE, Eugene 97404 United States",Closed,
06/13/2023,509-CA23-00188,Complaint,"91709 N Coburg RD, Eugene 97408 United States",Complaint Submitted,
06/12/2023,509-CA23-00185,Complaint,"3338 MARVIN DR, Eugene OR 97404",In Review,null
06/12/2023,509-CA23-00186,Complaint,"92052 MAPLE LN, SPRINGFIELD OR 97478",Closed,null
06/12/2023,509-CA23-00187,Complaint,"93297 DORSEY LN, Junction City OR 97448",In Review,null
06/10/2023,509-CA23-00182,Complaint,"1655 Mississippi Avenue, Eugene 97403 United States",Closed,null
06/10/2023,509-CA23-00184,Complaint,"1657 Mississippi ST, eugene 97403 United States",Closed,null
06/10/2023,509-CA23-00183,Complaint,"1657 Mississippi AVE, Eugene 97403 United States",Closed,
06/10/2023,509-CA23-00181,Complaint,"1657 Mississippi ave AVE, Eugene 97403 United States",Closed,
06/08/2023,509-CA23-00180,Complaint,"26736 PICKENS RD, Eugene OR 97402",In Review,
06/08/2023,509-CA23-00178,Complaint,"84474 PARKWAY RD, Pleasant Hill OR 97455",In Review,
06/08/2023,509-CA23-00179,Complaint,"2323 Cross ST, Eugene 97402 United States",Closed,
06/07/2023,509-CA23-00177,Complaint,"23088 WARTHEN RD, Elmira OR 97437",Complete,null
06/07/2023,509-CA23-00176,Complaint,null,In Review,null
06/07/2023,509-CA23-00175,Complaint,"1883 CREST DR, Eugene OR 97405",In Review,null
06/03/2023,509-CA23-00174,Complaint,"3830 Marshall AVE, Eugene 97402 United States",Closed,null
06/02/2023,509-CA23-00173,Complaint,"86210 Blossom St ST, Eugene 97405 United States",Closed,null
06/01/2023,509-CA23-00172,Complaint,"370 RIVER LOOP 1, Eugene OR 97404",Closed,null
05/30/2023,509-CA23-00171,Complaint,"1383 DALTON DR, Eugene OR 97404 United States",Complete,null
05/29/2023,509-CA23-00170,Complaint,"92507 MARTIN LN, Marcola OR 97454",Closed,null
05/29/2023,509-CA23-00169,Complaint,"134 ELKAY DR, Eugene OR 97404",Closed,null
05/26/2023,509-CA23-00168,Complaint,"84474 Parkway RD, Pleasant Hill 97455 United States",Closed,null
05/25/2023,509-CA23-00164,Complaint,United States,Complaint Submitted,null
05/25/2023,509-CA23-00167,Complaint,"31672 FOX HOLLOW RD, Eugene OR 97405",In Review,null
05/25/2023,509-CA23-00165,Complaint,"23465 SUTTLE RD, Veneta OR 97487",In Review,null
05/25/2023,509-CA23-00166,Complaint,"38319 JASPER LOWELL RD, Fall Creek OR 97438",Complaint Submitted,null
05/20/2023,509-CA23-00163,Complaint,"2158 Berwin LN, Eugene 97404 United States",Closed,
05/19/2023,509-CA23-00162,Complaint,,In Review,
05/19/2023,509-CA23-00161,Complaint,"92052 Maple LN, Springfield 97478 United States",Closed,
05/18/2023,509-CA23-00160,Complaint,"89739 DEMMING RD, Elmira OR 97437",Complete,
05/16/2023,509-CA23-00159,Complaint,"92052 SE Maple lane LN, Springfield 97478 United States",Closed,
05/15/2023,509-CA23-00158,Complaint,"88008 WOODLANDS DR, Florence OR 97439",In Review,
05/11/2023,509-CA23-00157,Complaint,"86400 BAILEY HILL RD, EUGENE OR 97405",Complete,null
05/11/2023,509-CA23-00156,Complaint,"3130 Alyndale DR, Eugene OR 97404",In Review,null
05/10/2023,509-CA23-00154,Complaint,"38319 JASPER LOWELL RD, Fall Creek OR 97438",In Review,null
05/10/2023,509-CA23-00153,Complaint,null,In Review,null
05/10/2023,509-CA23-00152,Complaint,"38317 JASPER LOWELL RD, Fall Creek OR 97438",In Review,null
05/10/2023,509-CA23-00155,Complaint,"86210 BLOSSOM ST, Eugene OR 97405",Closed,null
05/08/2023,509-CA23-00150,Complaint,null,In Review,null
05/08/2023,509-CA23-00151,Complaint,"91585 N COBURG RD, Eugene OR 97408",Closed,
05/05/2023,509-CA23-00149,Complaint,"27684 HING LN, Lorane OR 97451",Closed,
05/05/2023,509-CA23-00148,Complaint,"39246 JASPER LOWELL RD, Lowell OR 97452",In Review,
05/04/2023,509-CA23-00146,Complaint,null,Complete,null
05/04/2023,509-CA23-00147,Complaint,"35236 Brabham RD, Pleasant Hill 97455 United States",Complaint Submitted,null
05/03/2023,509-CA23-00145,Complaint,"35283 PERKINS CREEK RD, Cottage Grove OR 97424",Closed,null
05/02/2023,509-CA23-00144,Complaint,"37362 CAMP CREEK RD, Springfield OR 97478",In Review,null
04/30/2023,509-CA23-00143,Complaint,"35283 PERKINS CREEK RD, Cottage Grove OR 97424",Closed,null
04/29/2023,509-CA23-00142,Complaint,"19190 HWY 36, Blachly OR 97412",In Review,null
04/28/2023,509-CA23-00140,Complaint,"26095 PERKINS RD, Veneta OR 97487",Monitoring,null
04/28/2023,509-CA23-00141,Complaint,"92250 SCHOOL HOUSE ST, Marcola OR 97454",In Review,
04/27/2023,509-CA23-00137,Complaint,"33367 BLOOMBERG RD, Eugene OR 97405",Closed,
04/27/2023,509-CA23-00139,Complaint,"39043 ROGERS LN, Dexter OR 97431",In Review,
04/27/2023,509-CA23-00138,Complaint,"50660 MCKENZIE HWY, Vida OR 97488",In Review,null
04/26/2023,509-CA23-00136,Complaint,"1510 Concord ST, Eugene 97403 United States",In Review,null
04/25/2023,509-CA23-00135,Complaint,"565 Harold ST, Eugene 97402 United States",Closed,null
04/21/2023,509-CA23-00134,Complaint,"10640 SWEET CREEK RD, Mapleton OR 97453",In Review,null
04/18/2023,509-CA23-00132,Complaint,"49626 HIGH PRAIRIE LOOP, Oakridge OR 97463",In Review,
04/18/2023,509-CA23-00133,Complaint,"48216 WESTOAK RD, Westfir OR 97492",In Review,
04/17/2023,509-CA23-00131,Complaint,"92057 SPICER LN, Springfield OR 97478",In Review,
04/14/2023,509-CA23-00129,Complaint,"88012 WOODLANDS DR, Florence OR 97439",Closed,
04/14/2023,509-CA23-00125,Complaint,"37460 JASPER LOWELL RD, 2, JASPER OR 97438",Monitoring,
04/14/2023,509-CA23-00128,Complaint,"28364 RESTWELL RD, Eugene OR 97402",In Review,
04/14/2023,509-CA23-00130,Complaint,"54855 McKenzie River Drive, Blue River 97413 United States",Closed,null
04/14/2023,509-CA23-00126,Complaint,"290 river loop 2, eugene 97404 United States",Closed,null
04/14/2023,509-CA23-00127,Complaint,"290 river loop 2, eugene 97404 United States",Closed,null
04/12/2023,509-CA23-00124,Complaint,"90640 SUNDERMAN RD, SPRINGFIELD OR 97478",In Review,null
04/11/2023,509-CA23-00123,Complaint,"5582 TENMILE CREEK RD, YACHATS OR 97498",In Review,null
04/10/2023,509-CA23-00122,Complaint,"90640 SUNDERMAN RD, SPRINGFIELD OR 97478",In Review,null
04/10/2023,509-CA23-00121,Complaint,"89402 NORTH LN, FLORENCE OR 97439",In Review,null
04/10/2023,509-CA23-00120,Complaint,"91711 ALMA DR, MCKENZIE BRIDGE OR 97413",In Review,
04/08/2023,509-CA23-00119,Complaint,"35676 MYRTLEWOOD LN, PLEASANT HILL 97455 United States",Closed,
04/06/2023,509-CA23-00118,Complaint,"39003 HENDRICKS PARK RD, SPRINGFIELD OR 97478",In Review,
04/05/2023,509-CA23-00117,Complaint,"83821 N ENTERPRISE RD, PLEASANT HILL 97455 United States",In Review,null
04/04/2023,509-CA23-00116,Complaint,null,In Review,null
04/04/2023,509-CA23-00115,Complaint,"24968 W DEMMING RD, ELMIRA OR 97437",In Review,
04/02/2023,509-CA23-00114,Complaint,"712 S 72ND ST, SPRINGFIELD 97478 United States",Closed,
04/01/2023,509-CA23-00113,Complaint,"38415 MCKENZIE HWY, SPRINGFIELD OR 97478",Monitoring,
03/31/2023,509-CA23-00112,Complaint,"79393 HWY 99, COTTAGE GROVE OR 97424",Closed,
03/31/2023,509-CA23-00111,Complaint,"85604 SVARVERUD RD, EUGENE OR 97405",In Review,
03/31/2023,509-CA23-00110,Complaint,"90008 FIR BUTTE RD, EUGENE OR 97402",In Review,
03/28/2023,509-CA23-00107,Complaint,"25992 CLAY DR, VENETA 97487 United States",Closed,
03/28/2023,509-CA23-00108,Complaint,"4821 JASPER RD, SPRINGFIELD OR 97478",In Review,
03/28/2023,509-CA23-00109,Complaint,"84902 N HIDEAWAY HILLS RD, EUGENE OR 97405",In Review,null
03/24/2023,509-CA23-00105,Complaint,"85987 LORANE HWY, EUGENE 97405 United States",In Review,null
03/24/2023,509-CA23-00106,Complaint,"93541 TERRITORIAL HWY, JUNCTION CITY OR 97448",In Review,null
03/23/2023,509-CA23-00104,Complaint,"23029 GREEN CREEK RD, ELMIRA OR 97437",Complaint Submitted,null
03/23/2023,509-CA23-00103,Complaint,"84474 PARKWAY RD, PLEASANT HILL OR 97455",Closed,null
03/22/2023,509-CA23-00102,Complaint,"5590 SOUTH SHORE DR, FLORENCE OR 97439",In Review,null
03/21/2023,509-CA23-00100,Complaint,"89399 NORTH LN, FLORENCE OR 97439",In Review,null
03/21/2023,509-CA23-00101,Complaint,"33435 VAN DUYN RD, EUGENE OR 97408",In Review,null
03/20/2023,509-CA23-00098,Complaint,"89362 VIEW DR, FLORENCE OR 97439",In Review,null
03/20/2023,509-CA23-00099,Complaint,"49415 EAGLE ROCK DR, VIDA OR 97488",In Review,null
03/18/2023,509-CA23-00097,Complaint,United States,In Review,null
03/17/2023,509-CA23-00095,Complaint,"26011 CLAY DR, VENETA OR 97487",In Review,null
03/17/2023,509-CA23-00096,Complaint,"25992 CLAY DR, VENETA OR 97487",In Review,null
03/15/2023,509-CA23-00094,Complaint,"92311 BOOTH ST, JUNCTION CITY OR 97448",In Review,null
03/14/2023,509-CA23-00092,Complaint,"79393 HWY 99, COTTAGE GROVE OR 97424",In Review,null
03/14/2023,509-CA23-00089,Complaint,"26562 HWY 36, CHESHIRE OR 97419",In Review,null
03/14/2023,509-CA23-00090,Complaint,"26562 HWY 36, CHESHIRE OR 97419",Closed,null
03/14/2023,509-CA23-00093,Complaint,"80940 HWY 99, CRESWELL OR 97426",In Review,null
03/14/2023,509-CA23-00091,Complaint,"4703 JOSHUA LN, FLORENCE OR 97439",Complete,null
03/13/2023,509-CA23-00088,Complaint,"33895 ADLER LN, CRESWELL OR 97426",In Review,
03/13/2023,509-CA23-00087,Complaint,"90960 POODLE CREEK RD, NOTI OR 97461",In Review,null
03/11/2023,509-CA23-00086,Complaint,"379 N SENECA RD, EUGENE 97402 United States",Closed,null
03/10/2023,509-CA23-00085,Complaint,"32222 HARRIS DR, COTTAGE GROVE OR 97424",In Review,null
03/09/2023,509-CA23-00079,Complaint,"160 W 7TH ST, LOWELL OR 97452",Complete,null
03/09/2023,509-CA23-00084,Complaint,"82602 HOWE LN, CRESWELL OR 97426",Closed,null
03/09/2023,509-CA23-00083,Complaint,"35283 PERKINS CREEK RD, COTTAGE GROVE OR 97424",In Review,null
03/09/2023,509-CA23-00080,Complaint,"82602 HOWE LN, CRESWELL OR 97426",Closed,null
03/09/2023,509-CA23-00081,Complaint,"89380 VIEW DR, FLORENCE OR 97439",Complete,null
03/09/2023,509-CA23-00077,Complaint,"1457 W 12TH AVE, EUGENE 97402 United States",Closed,null
03/09/2023,509-CA23-00078,Complaint,"1410 W 12TH AVE, EUGENE 97402 United States",Closed,null
03/09/2023,509-CA23-00082,Complaint,"84934 LAUGHLIN RD, EUGENE OR 97405",Closed,null
03/08/2023,509-CA23-00076,Complaint,"82602 HOWE LN, CRESWELL OR 97426",Closed,null
03/07/2023,509-CA23-00075,Complaint,"85945 EDENVALE RD, PLEASANT HILL 97455 United States",Closed,null
03/06/2023,509-CA23-00074,Complaint,"269 ESTATE CT, SPRINGFIELD 97477 United States",In Review,null
03/06/2023,509-CA23-00073,Complaint,"927 TRAVIS AVE, EUGENE 97404 United States",Complete,null
03/03/2023,509-CA23-00068,Complaint,"37811 UPPER CAMP CREEK RD, SPRINGFIELD OR 97478",Complaint Submitted,null
03/03/2023,509-CA23-00072,Complaint,"92278 CARSON ST, MARCOLA OR 97454",Closed,null
03/03/2023,509-CA23-00071,Complaint,"3290 KINNEY LOOP RD, EUGENE 97408 United States",Closed,null
03/03/2023,509-CA23-00069,Complaint,United States,Closed,null
03/03/2023,509-CA23-00070,Complaint,"87165 KELLMORE ST, EUGENE OR 97402",Closed,null
03/02/2023,509-CA23-00066,Complaint,"87165 KELLMORE ST, EUGENE OR 97402",Monitoring,null
03/02/2023,509-CA23-00067,Complaint,null,In Review,null
03/01/2023,509-CA23-00064,Complaint,"95420 HWY 99E, JUNCTION CITY OR 97448",In Review,null
03/01/2023,509-CA23-00062,Complaint,"34259 MATTHEWS RD, EUGENE OR 97405",In Review,null
03/01/2023,509-CA23-00061,Complaint,"2809 CROCKER RD, EUGENE OR 97404",In Review,null
03/01/2023,509-CA23-00063,Complaint,null,In Review,null
03/01/2023,509-CA23-00060,Complaint,"34311 MATTHEWS RD, EUGENE OR 97405",Complete,null
03/01/2023,509-CA23-00065,Complaint,"8240 MCKENZIE HWY, SPRINGFIELD OR 97478",In Review,null
02/28/2023,509-CA23-00059,Complaint,"43701 BIG FALL CREEK RD, FALL CREEK OR 97438",In Review,null
02/26/2023,509-CA23-00058,Complaint,"30779 BLANTON RD, EUGENE OR 97405",Closed,null
02/23/2023,509-CA23-00056,Complaint,"26355 HALL RD, JUNCTION CITY OR 97448",In Review,null
02/23/2023,509-CA23-00057,Complaint,"25661 WILDWOOD RD, VENETA OR 97487",In Review,null
02/21/2023,509-CA23-00055,Complaint,"30309 LASSEN LN, JUNCTION CITY OR 97448",In Review,null
02/21/2023,509-CA23-00054,Complaint,"1151 GINGER AVE, EUGENE OR 97404",In Review,null
02/20/2023,509-CA23-00052,Complaint,"90847 HILL RD, SPRINGFIELD OR 97478",In Review,null
02/20/2023,509-CA23-00053,Complaint,"25744 WILDWOOD RD, VENETA OR 97487",In Review,null
02/17/2023,509-CA23-00051,Complaint,"28614 CROW RD, A, EUGENE OR 97402",In Review,null
02/15/2023,509-CA23-00050,Complaint,"84082 MURDOCK RD, EUGENE OR 97405",Closed,null
02/14/2023,509-CA23-00049,Complaint,"2479 MARJORIE AVE, EUGENE OR 97408",In Review,null
02/14/2023,509-CA23-00048,Complaint,"87735 HWY 101, FLORENCE OR 97439",Closed,null
02/13/2023,509-CA23-00046,Complaint,"2483 MARJORIE AVE, EUGENE OR 97408",In Review,null
02/13/2023,509-CA23-00047,Complaint,"32222 HARRIS DR, COTTAGE GROVE OR 97424",Closed,null
02/12/2023,509-CA23-00045,Complaint,"92500 TERRITORIAL HWY, JUNCTION CITY OR 97448",In Review,null
02/11/2023,509-CA23-00042,Complaint,United States,Closed,null
02/11/2023,509-CA23-00044,Complaint,"51807 ECHO ST, BLUE RIVER 97413 United States",In Review,null
02/11/2023,509-CA23-00043,Complaint,"51537 RIVER ST, BLUE RIVER OR 97413",Closed,null
02/09/2023,509-CA23-00040,Complaint,"54721 CADDIS LN, MCKENZIE BRIDGE OR 97413",In Review,null
02/09/2023,509-CA23-00041,Complaint,"88366 4TH AVE, FLORENCE OREGON 97439",Complete,null
02/08/2023,509-CA23-00039,Complaint,"28595 RESTWELL RD, EUGENE OR 97402",Complete,null
02/07/2023,509-CA23-00038,Complaint,"43960 MCKENZIE HWY, LEABURG OR 97489",In Review,null
02/07/2023,509-CA23-00037,Complaint,"29910 CAROL AVE, EUGENE OR 97402",In Review,null
02/06/2023,509-CA23-00036,Complaint,"3335 SOUTHVIEW DR DR, EUGENE 97405 United States",Closed,null
02/03/2023,509-CA23-00035,Complaint,"86241 BLOSSOM ST, EUGENE OR 97405",Closed,null
02/02/2023,509-CA23-00034,Complaint,"19388 HWY 36, BLACHLY OR 97412",In Review,null
02/02/2023,509-CA23-00033,Complaint,"28110 LIPINSKY LN, EUGENE OR 97402",Closed,null
02/02/2023,509-CA23-00032,Complaint,"213 HILEMAN LN, EUGENE OR 97404",In Review,null
01/27/2023,509-CA23-00031,Complaint,"76150 HYLAND LN, OAKRIDGE OR 97463",In Review,
01/26/2023,509-CA23-00030,Complaint,"240 KNIGHT AVE, EUGENE OR 97404",Complete,
01/24/2023,509-CA23-00029,Complaint,"92282 CARSON ST, MARCOLA OR 97454",In Review,
01/23/2023,509-CA23-00028,Complaint,"48216 WESTOAK RD, WESTFIR OR 97492",In Review,
01/22/2023,509-CA23-00027,Complaint,"86665 FRANKLIN BLVD, EUGENE OR 97405",Complete,null
01/20/2023,509-CA23-00026,Complaint,"36668 CAMP CREEK RD, SPRINGFIELD OR 97478",Complete,null
01/18/2023,509-CA23-00024,Complaint,"38666 PLACE RD, FALL CREEK OR 97438",Complete,null
01/18/2023,509-CA23-00025,Complaint,"32120 NICHOLS LN, COTTAGE GROVE OR 97424",Closed,null
01/17/2023,509-CA23-00023,Complaint,null,Complete,null
01/17/2023,509-CA23-00021,Complaint,"88130 GREEN HILL RD, EUGENE OR 97402",Closed,null
01/17/2023,509-CA23-00020,Complaint,"4683 PACIFIC AVE, WESTLAKE 97493 United States",Closed,null
01/17/2023,509-CA23-00022,Complaint,"85959 HWY 99S, EUGENE OR 97405",In Review,null
01/13/2023,509-CA23-00019,Complaint,"871 W 8TH AVE, EUGENE 97402 United States",Closed,null
01/13/2023,509-CA23-00018,Complaint,"84973 CLOVERDALE RD, CRESWELL OR 97426",In Review,null
01/12/2023,509-CA23-00017,Complaint,"92666 HWY 99S, JUNCTION CITY OR 97448",Closed,null
01/11/2023,509-CA23-00015,Complaint,"36930 BRAND S RD, SPRINGFIELD OR 97478",Closed,null
01/11/2023,509-CA23-00014,Complaint,"78121 DAYBREAK DR, COTTAGE GROVE OR 97424",In Review,null
01/11/2023,509-CA23-00013,Complaint,,Complete,
01/11/2023,509-CA23-00016,Complaint,"88336 HWY 101, FLORENCE OR 97439",Closed,
01/09/2023,509-CA23-00011,Complaint,"27175 HUEY LN, EUGENE OR 97402",Closed,
01/09/2023,509-CA23-00012,Complaint,"24153 VAUGHN RD, VENETA OR 97487",Closed,
01/06/2023,509-CA23-00008,Complaint,"55423 MCKENZIE RIVER DR, BLUE RIVER OR 97413",In Review,
01/06/2023,509-CA23-00010,Complaint,"3920 KINNEY LOOP, EUGENE OR 97408",Complete,
01/06/2023,509-CA23-00009,Complaint,"88381 RIDICULOUS RD, VENETA OR 97487",In Review,
01/05/2023,509-CA23-00007,Complaint,"26681 HIGH PASS RD, JUNCTION CITY OR 97448",In Review,null
01/05/2023,509-CA23-00006,Complaint,"36668 CAMP CREEK RD, SPRINGFIELD OR 97478",Complete,null
01/04/2023,509-CA23-00005,Complaint,"94037 RIVER RD, JUNCTION CITY OR 97448",In Review,null
01/04/2023,509-CA23-00004,Complaint,"1650 MISSISSIPPI AVE, GLENWOOD 97403 United States",Complete,null
01/03/2023,509-CA23-00002,Complaint,"88012 WOODLANDS DR, FLORENCE OR 97439",Closed,null
01/03/2023,509-CA23-00003,Complaint,"1180 WILLAMETTE ST, United States",Closed,null
01/02/2023,509-CA23-00001,Complaint,"86055 SWEET CREEK RD, MAPLETON OR 97453",Closed,null
12/31/2022,509-CA22-00384,Complaint,"51467 BLUE RIVER DR, VIDA 97488 United States",Monitoring,
12/29/2022,509-CA22-00383,Complaint,"39098 DEXTER RD, DEXTER OR 97431",In Review,
12/27/2022,509-CA22-00382,Complaint,"89518 POODLE CREEK RD, NOTI OR 97461",Complete,
12/27/2022,509-CA22-00381,Complaint,"55423 MCKENZIE RIVER DR, BLUE RIVER OR 97413",Closed,null
12/23/2022,509-CA22-00380,Complaint,"32120 NICHOLS LN, COTTAGE GROVE OR 97424",In Review,null
12/23/2022,509-CA22-00379,Complaint,"0 BAYBERRY LN LAND, FLORENCE 97439 United States",In Review,null
12/21/2022,509-CA22-00378,Complaint,"31342 FIR VIEW LN, CRESWELL OR 97426",Complete,null
12/21/2022,509-CA22-00377,Complaint,"5129 N LOFTUS RD, FLORENCE OR 97439",In Review,null
12/19/2022,509-CA22-00376,Complaint,"29910 CAROL AVE, Eugene OR 97402",Closed,null
12/17/2022,509-CA22-00375,Complaint,"5112 DAISY STREET, SPRINGFIELD 97478 United States",Closed,
12/15/2022,509-CA22-00374,Complaint,"30779 BLANTON RD, EUGENE OR 97405",Closed,
12/15/2022,509-CA22-00373,Complaint,United States,In Review,
12/14/2022,509-CA22-00372,Complaint,"3092 HAYDEN BRIDGE RD, SPRINGFIELD OR 97477",Complete,
12/09/2022,509-CA22-00371,Complaint,"30747 LONE PINE DR, JUNCTION CITY OR 97448",Monitoring,null
12/07/2022,509-CA22-00370,Complaint,"33390 NIBLOCK LN, CRESWELL 97426 United States",Closed,null
12/06/2022,509-CA22-00368,Complaint,"26095 PERKINS RD, VENETA OR 97487",Lien Recorded,null
12/06/2022,509-CA22-00369,Complaint,"88012 WOODLANDS DR, FLORENCE OR 97439",Complete,null
12/05/2022,509-CA22-00365,Complaint,"30779 BLANTON RD, EUGENE OR 97405",Closed,
12/05/2022,509-CA22-00366,Complaint,,In Review,
12/05/2022,509-CA22-00367,Complaint,,Closed,
12/04/2022,509-CA22-00364,Complaint,"1657 MISSISSIPPI AVE, EUGENE 97403 United States",Closed,
12/03/2022,509-CA22-00363,Complaint,"1345 CREST DR, EUGENE OR 97405",In Review,
12/01/2022,509-CA22-00362,Complaint,"77918 HWY 99 HWY, COTTAGE GROVE 97424 United States",Closed,
12/01/2022,509-CA22-00361,Complaint,null,In Review,null
12/01/2022,509-CA22-00360,Complaint,"31365 FIRECLAY RD, COTTAGE GROVE OR 97424",Complete,null
11/30/2022,509-CA22-00359,Complaint,null,Complete,null
11/30/2022,509-CA22-00358,Complaint,"48232 WESTOAK RD, WESTFIR OR 97492",In Review,null
11/29/2022,509-CA22-00357,Complaint,"23139 W SHEFFLER RD, ELMIRA OR 97437",In Review,null
11/29/2022,509-CA22-00356,Complaint,"23071 W SHEFFLER RD, ELMIRA OR 97437",In Review,null
11/23/2022,509-CA22-00352,Complaint,"93724 PRAIRIE RD, JUNCTION CITY OR 97448",Complaint Submitted,null
11/23/2022,509-CA22-00354,Complaint,"87803 SALTAIRE ST, FLORENCE OR 97439",In Review,null
11/23/2022,509-CA22-00355,Complaint,"22119 FISK RD, NOTI OR 97461",Closed,null
11/23/2022,509-CA22-00353,Complaint,"87923 LIMPIT LN, FLORENCE OR 97439",In Review,null
11/22/2022,509-CA22-00351,Complaint,"88426 2ND AVE, FLORENCE OR 97439",In Review,null
11/21/2022,509-CA22-00349,Complaint,"28110 LIPINSKY LN, EUGENE OR 97402",Complete,null
11/21/2022,509-CA22-00350,Complaint,"2125 ELYSIUM AVE, EUGENE 97401 United States",Closed,null
11/18/2022,509-CA22-00346,Complaint,"79846 DELIGHT VALLEY SCHOOL RD, COTTAGE GROVE OR 97424",Complete,null
11/18/2022,509-CA22-00348,Complaint,"91302 POODLE CREEK RD, NOTI OR 97461",In Review,null
11/18/2022,509-CA22-00347,Complaint,"87772 RHODODENDRON DR, FLORENCE OR 97439",Complete,null
11/17/2022,509-CA22-00345,Complaint,"40120 BIG FALL CREEK RD, FALL CREEK OR 97438",Closed,null
11/17/2022,509-CA22-00344,Complaint,"82602 HOWE LN, CRESWELL OR 97426",Closed,null
11/16/2022,509-CA22-00343,Complaint,"115 KINGSBURY AVE, EUGENE 97404 United States",Closed,null
11/15/2022,509-CA22-00342,Complaint,"34755 ROW RIVER RD, COTTAGE GROVE OR 97424",Closed,null
11/15/2022,509-CA22-00341,Complaint,"8305 DUNCAN ISLAND RD, MAPLETON OR 97453",Closed,null
11/14/2022,509-CA22-00340,Complaint,"1383 DALTON DR, EUGENE 97404 United States",Closed,null
11/11/2022,509-CA22-00339,Complaint,"174 ALLEN, UNIT B AVE, SPRINGFIELD 97477 United States",Closed,null
11/09/2022,509-CA22-00338,Complaint,null,Monitoring,null
11/07/2022,509-CA22-00337,Complaint,"27289 BRIGGS HILL RD, EUGENE OR 97405",Complete,null
11/07/2022,509-CA22-00335,Complaint,"0 N BAYBERRY GRV, FLORENCE 97439 United States",Closed,null
11/07/2022,509-CA22-00336,Complaint,"8305 DUNCAN ISLAND RD, MAPLETON OR 97453",In Review,null
11/06/2022,509-CA22-00334,Complaint,"82602 HOWE LN, CRESWELL OR 97426",Lien Recorded,
11/03/2022,509-CA22-00333,Complaint,"26922 PICKENS RD, EUGENE OR 97402",Closed,
11/02/2022,509-CA22-00331,Complaint,"85814 BARNWELL LN, EUGENE OR 97405",In Review,
11/02/2022,509-CA22-00332,Complaint,"35488 CAMP CREEK RD, SPRINGFIELD OR 97478",Complete,null
11/02/2022,509-CA22-00330,Complaint,"3820 15TH. ALY, EUGENE 97403 United States",Closed,null
11/01/2022,509-CA22-00327,Complaint,"96406 LOBSTER CREEK RD, ALSEA OR 97324",Lien Recorded,null
11/01/2022,509-CA22-00329,Complaint,"100 S HWY 101 HWY, FLORENCE 97439 United States",Closed,null
11/01/2022,509-CA22-00328,Complaint,United States,Closed,null
10/28/2022,509-CA22-00326,Complaint,"37143 PARSONS CREEK RD, SPRINGFIELD OR 97478",Complete,
10/27/2022,509-CA22-00325,Complaint,"30493 LONE PINE DR, JUNCTION CITY OR 97448",In Review,
10/26/2022,509-CA22-00324,Complaint,,Closed,
10/25/2022,509-CA22-00323,Complaint,"36505 STAR RD, PLEASANT HILL OR 97455",Complete,
10/25/2022,509-CA22-00322,Complaint,"4561 ARAGO ST, FLORENCE OR 97439",Monitoring,
10/24/2022,509-CA22-00318,Complaint,"130 RIVER AVE, EUGENE 97404 United States",Closed,null
10/24/2022,509-CA22-00321,Complaint,United States,In Review,null
10/24/2022,509-CA22-00319,Complaint,"38928 DEXTER RD, DEXTER OR 97431",Complete,null
10/24/2022,509-CA22-00320,Complaint,"38896 FIR AVE, DEXTER OR 97431",In Review,null
10/19/2022,509-CA22-00316,Complaint,United States,Closed,null
10/19/2022,509-CA22-00317,Complaint,"633 W 8TH ST, EUGENE 97402 United States",Closed,
10/18/2022,509-CA22-00315,Complaint,"83780 RAINTREE ST, CRESWELL OR 97426",Lien Recorded,
10/16/2022,509-CA22-00314,Complaint,"35914 CAMP CREEK, SPRINGFIELD 97478 United States",Closed,
10/15/2022,509-CA22-00313,Complaint,"40126 BIG FALL CREEK RD, FALL CREEK OR 97438",In Review,
10/14/2022,509-CA22-00312,Complaint,"82243 HILLVIEW DR, CRESWELL OR 97426",In Review,
10/14/2022,509-CA22-00311,Complaint,"89399 NORTH LN, FLORENCE OR 97439",Lien Recorded,null
10/13/2022,509-CA22-00309,Complaint,"1852 S HARBOR DR. DR, SPRINGFIELD 97477 United States",Closed,null
10/13/2022,509-CA22-00310,Complaint,"89295 HWY 36, SWISSHOME OR 97480",In Review,null
10/13/2022,509-CA22-00308,Complaint,"88130 GREEN HILL RD, EUGENE OR 97402",In Review,null
10/12/2022,509-CA22-00307,Complaint,"86202 EL CAMINO ST, EUGENE 97405 United States",Closed,null
10/12/2022,509-CA22-00306,Complaint,"28305 GOWDYVILLE RD, LORANE OR 97451",In Review,null
10/11/2022,509-CA22-00304,Complaint,"82240 BUTTE RD, CRESWELL OR 97426",In Review,null
10/11/2022,509-CA22-00303,Complaint,"82570 BUTTE RD, CRESWELL OR 97426",Monitoring,null
10/11/2022,509-CA22-00305,Complaint,"82171 BUTTE RD, CRESWELL OR 97426",Complete,null
10/09/2022,509-CA22-00302,Complaint,"92915 ALLENS ALY, CHESHIRE OR 97419",In Review,
10/07/2022,509-CA22-00300,Complaint,"700 N MILL UNITS 34,35,36,37,38,39,40,41 ST, CRESWELL 97426 United States",Closed,null
10/07/2022,509-CA22-00301,Complaint,"32108 DEBERRY RD, CRESWELL 97426 United States",Complaint Submitted,null
10/07/2022,509-CA22-00299,Complaint,"3915 SCENIC DR, EUGENE United States",Closed,null
10/06/2022,509-CA22-00297,Complaint,"3862 WINSLOW AVE, SPRINGFIELD OR 97477",Closed,null
10/06/2022,509-CA22-00298,Complaint,,Monitoring,
10/04/2022,509-CA22-00296,Complaint,"1670 ELKAY, EUGENE 97404 United States",Closed,
10/04/2022,509-CA22-00295,Complaint,"45966 N GATE CREEK RD, VIDA OR 97488",Closed,
09/30/2022,509-CA22-00292,Complaint,,In Review,
09/30/2022,509-CA22-00294,Complaint,United States,Complete,
09/30/2022,509-CA22-00293,Complaint,"576 WARRINGTON AVE AVE, EUGENE 97404 United States",Closed,
09/29/2022,509-CA22-00291,Complaint,"82085 RIVER DR, CRESWELL OR 97426",Complete,null
09/27/2022,509-CA22-00289,Complaint,"49953 MCKENZIE HWY, VIDA OR 97488",Monitoring,null
09/27/2022,509-CA22-00288,Complaint,"82266 LOST VALLEY LN, DEXTER 97431 United States",Complaint Submitted,null
09/27/2022,509-CA22-00287,Complaint,United States,Closed,null
09/27/2022,509-CA22-00290,Complaint,"4521 FRANKLIN BLVD, EUGENE 97403 United States",Closed,null
09/26/2022,509-CA22-00286,Complaint,"221 HILEMAN LN, EUGENE OR 97404",Complete,null
09/26/2022,509-CA22-00285,Complaint,"87224 MUNSEL LAKE RD, FLORENCE OR 97439",In Review,null
09/25/2022,509-CA22-00284,Complaint,"35914 CAMP CREEK RD, SPRINGFIELD OR 97478",Closed,
09/24/2022,509-CA22-00283,Complaint,"84000 N PACIFIC HWY, CRESWELL OR 97426",Complaint Submitted,
09/23/2022,509-CA22-00282,Complaint,"86220 DERY RD, PLEASANT HILL OR 97455",Complete,
09/23/2022,509-CA22-00281,Complaint,United States,Closed,null
09/22/2022,509-CA22-00280,Complaint,"46489 GOODPASTURE RD, VIDA OR 97488",Complete,null
09/21/2022,509-CA22-00277,Complaint,"35810 CAMP CREEK RD, SPRINGFIELD OR 97478",Closed,null
09/21/2022,509-CA22-00278,Complaint,"35000 CAMP CREEK, OREGON 97478 United States",Closed,null
09/21/2022,509-CA22-00279,Complaint,"35914 CAMP CREEK RD, SPRINGFIELD OR 97478",Complete,null
09/21/2022,509-CA22-00276,Complaint,United States,Closed,null
09/19/2022,509-CA22-00275,Complaint,"1997 E ARTHUR ST, EUGENE 97405 United States",Closed,null
09/19/2022,509-CA22-00274,Complaint,"28564 KINNEY LN, JUNCTION CITY OR 97448",Complaint Submitted,null
09/16/2022,509-CA22-00273,Complaint,"846 E 35TH AVE, EUGENE 97401 United States",Closed,
09/15/2022,509-CA22-00272,Complaint,"30776 MAPLE DR, JUNCTION CITY OR 97448",In Review,
09/11/2022,509-CA22-00271,Complaint,"33578 PAIUTE LN, EUGENE OR 97408",Complete,null
09/09/2022,509-CA22-00270,Complaint,"4595 BLANCO ST, FLORENCE OR 97439",In Review,null
09/08/2022,509-CA22-00269,Complaint,United States,Closed,null
09/07/2022,509-CA22-00268,Complaint,"46008 N GATE CREEK RD, VIDA OR 97488",Complete,null
09/06/2022,509-CA22-00266,Complaint,"3352 ADMIRAL ST, EUGENE 97404 United States",Closed,null
09/06/2022,509-CA22-00267,Complaint,"47433 HWY 58 HWY, OAKRIDGE 97463 United States",Complaint Submitted,null
09/06/2022,509-CA22-00265,Complaint,"3366 ADMIRAL ST, EUGENE 97404 United States",Monitoring,null
09/06/2022,509-CA22-00264,Complaint,"2365 CAL YOUNG ROAD, EUGENE 97401 United States",Closed,null
09/05/2022,509-CA22-00263,Complaint,"2495 35 ST, SPRINGFIELD 07477 United States",Complaint Submitted,null
09/02/2022,509-CA22-00262,Complaint,"25754 HWY 126, VENETA OR 97487",In Review,
08/30/2022,509-CA22-00260,Complaint,null,In Review,null
08/30/2022,509-CA22-00261,Complaint,United States,Closed,null
08/29/2022,509-CA22-00259,Complaint,"44135 MCKENZIE HWY, LEABURG OR 97489",Complete,null
08/29/2022,509-CA22-00258,Complaint,"26094 FLECK RD, VENETA OR 97487",Complete,null
08/26/2022,509-CA22-00257,Complaint,"13450 HWY 36, SWISSHOME OR 97480",Closed,null
08/25/2022,509-CA22-00255,Complaint,"797 HOWARD AVE, EUGENE OR 97404",Complete,null
08/25/2022,509-CA22-00254,Complaint,"4714 JESSEN DR, EUGENE 97402 United States",Closed,null
08/25/2022,509-CA22-00256,Complaint,"3701 SCENIC DR, EUGENE 97404 United States",In Review,null
08/24/2022,509-CA22-00253,Complaint,"26480 HIGH PASS RD, JUNCTION CITY OR 97448",Monitoring,null
08/24/2022,509-CA22-00251,Complaint,"85919 TERRITORIAL HWY HWY, EUGENE 97402 United States",Closed,
08/24/2022,509-CA22-00252,Complaint,"85903 TERRITORIAL HIGHWAY, CROW 97402 United States",Closed,null
08/23/2022,509-CA22-00250,Complaint,"13450 HWY 36, SWISSHOME OR 97480",In Review,null
08/23/2022,509-CA22-00249,Complaint,"93350 DORSEY LN, JUNCTION CITY OR 97448",In Review,null
08/22/2022,509-CA22-00248,Complaint,"3311 OREGON AVE AVE, SPRINGFIELD 97478 United States",Closed,null
08/21/2022,509-CA22-00247,Complaint,"2191 SW 2191 CLEVELAND ST ST, EUGENE 97405 United States",Closed,null
08/19/2022,509-CA22-00246,Complaint,"60 NEPTUNE AVE, SPRINGFIELD OR 97477",Closed,null
08/19/2022,509-CA22-00245,Complaint,"92424 HWY 99S, 4, JUNCTION CITY OR 97448",In Review,
08/19/2022,509-CA22-00244,Complaint,"47 KREMONT AVE, SPRINGFIELD OR 97477",Complaint Submitted,
08/18/2022,509-CA22-00243,Complaint,"92052 MAPLE LN, SPRINGFIELD OR 97478",Closed,
08/17/2022,509-CA22-00239,Complaint,"92152 MARCOLA RD, MARCOLA OR 97454",In Review,
08/17/2022,509-CA22-00241,Complaint,null,In Review,null
08/17/2022,509-CA22-00242,Complaint,"32353 ROOSEVELT AVE, COTTAGE GROVE OR 97424",Complete,null
08/17/2022,509-CA22-00240,Complaint,"40141 LITTLE FALL CREEK RD, FALL CREEK OR 97438",Complete,null
08/16/2022,509-CA22-00238,Complaint,"3944 JASPER RD, SPRINGFIELD OR 97478",Closed,null
08/13/2022,509-CA22-00237,Complaint,"7029 NORTH FORK SIUSLAW RD, FLORENCE OR 97439",Monitoring,null
08/10/2022,509-CA22-00235,Complaint,"93886 STROME LN, JUNCTION CITY OR 97448",In Review,null
08/09/2022,509-CA22-00234,Complaint,"201 SPRING CREEK, United States",Closed,null
08/09/2022,509-CA22-00233,Complaint,"88528 3RD AVE, FLORENCE OR 97439",Closed,null
08/08/2022,509-CA22-00232,Complaint,"3237 CROCKER RD, EUGENE (SANTA CLARA) 97404 United States",Closed,
08/07/2022,509-CA22-00231,Complaint,"3237 CROCKER ST, EUGENE 97404 United States",Closed,
08/05/2022,509-CA22-00230,Complaint,"41557 MCKENZIE HWY, SPRINGFIELD OR 97478",Complete,null
08/05/2022,509-CA22-00228,Complaint,"82933 HURLBURT LN, CRESWELL 97426 United States",Closed,null
08/05/2022,509-CA22-00229,Complaint,"90894 ANGELS FLIGHT RD, LEABURG OR 97489",In Review,null
08/04/2022,509-CA22-00227,Complaint,"911 SKIPPER AVE, EUGENE 97404 United States",Closed,null
08/04/2022,509-CA22-00226,Complaint,"56310 SULLIVAN LN, MCKENZIE BRIDGE OR 97413",Closed,null
08/04/2022,509-CA22-00225,Complaint,"56280 SULLIVAN LN, MCKENZIE BRIDGE OR 97413",In Review,null
08/02/2022,509-CA22-00224,Complaint,"2288 GREENBRIAR ST, SPRINGFIELD 97477 United States",Closed,null
08/02/2022,509-CA22-00222,Complaint,"90230 COBURG RD, EUGENE OR 97408",Complete,null
08/02/2022,509-CA22-00223,Complaint,"34844 MATTHEWS RD, EUGENE OR 97405",In Review,
08/01/2022,509-CA22-00221,Complaint,"87165 KELLMORE ST, EUGENE OR 97402",Complete,
07/30/2022,509-CA22-00220,Complaint,"85944 HWY 99S, EUGENE OR 97405",Closed,null
07/28/2022,509-CA22-00219,Complaint,"88572 COLLARD LP RD, FLORENCE OR 97439",Complete,null
07/28/2022,509-CA22-00218,Complaint,"48760 MCKENZIE HWY, VIDA 97488 United States",Closed,null
07/27/2022,509-CA22-00216,Complaint,"1 CORNWALL, EUGENE 97404 United States",Closed,null
07/27/2022,509-CA22-00217,Complaint,"42940 MCKENZIE HWY, LEABURG OR 97489",Monitoring,null
07/26/2022,509-CA22-00215,Complaint,"3237 CROCKER, EUGENE 97404 United States",Closed,null
07/26/2022,509-CA22-00213,Complaint,"25635 JEANS RD, VENETA OR 97487",Complete,null
07/26/2022,509-CA22-00214,Complaint,"78190 LAYNG RD, COTTAGE GROVE OR 97424",Monitoring,null
07/26/2022,509-CA22-00212,Complaint,"3370 GARDENIA WAY, EUGENE 97404 United States",Closed,null
07/22/2022,509-CA22-00211,Complaint,"9967 SWEET CREEK RD, MAPLETON OR 97453",In Review,
07/22/2022,509-CA22-00210,Complaint,"5045 N LOFTUS RD, FLORENCE OR 97439",In Review,null
07/21/2022,509-CA22-00209,Complaint,"47880 MCKENZIE HWY, VIDA 97488 United States",Closed,null
07/21/2022,509-CA22-00208,Complaint,"89674 ARMITAGE RD, EUGENE OR 97408",In Review,null
07/20/2022,509-CA22-00207,Complaint,"37320 PARSONS CREEK RD, SPRINGFIELD OR 97478",In Review,null
07/20/2022,509-CA22-00206,Complaint,"88859 FOUNTAIN RD, ELMIRA OR 97437",Complete,null
07/20/2022,509-CA22-00205,Complaint,"82182 RIVER DR, CRESWELL OR 97426",In Review,
07/18/2022,509-CA22-00204,Complaint,"3701 SCENIC DR, EUGENE 97404 United States",Closed,
07/17/2022,509-CA22-00203,Complaint,"38920 DEXTER RD, DEXTER OR 97431",In Review,
07/15/2022,509-CA22-00202,Complaint,"76636 LONDON RD, COTTAGE GROVE OR 97424",Complete,
07/14/2022,509-CA22-00201,Complaint,"45667 MCKENZIE HWY, VIDA OR 97488",In Review,
07/14/2022,509-CA22-00200,Complaint,"27175 HUEY LN, EUGENE OR 97402",In Review,null
07/13/2022,509-CA22-00199,Complaint,"49565 MCKENZIE HWY, VIDA OR 97488",In Review,null
07/12/2022,509-CA22-00193,Complaint,"78352 LAYNG RD, COTTAGE GROVE OR 97424",In Review,null
07/12/2022,509-CA22-00197,Complaint,"91947 MARCOLA RD, SPRINGFIELD OR 97478",Complete,null
07/12/2022,509-CA22-00198,Complaint,"89334 SUTTON LAKE RD, FLORENCE OR 97439",In Review,null
07/12/2022,509-CA22-00195,Complaint,"56278 SULLIVAN LN, MCKENZIE BRIDGE 97413 United States",Closed,null
07/12/2022,509-CA22-00196,Complaint,"37035 EDGEHILL RD, SPRINGFIELD OR 97478",Complete,null
07/12/2022,509-CA22-00194,Complaint,"23785 SUTTLE RD, VENETA OR 97487",In Review,null
07/11/2022,509-CA22-00192,Complaint,"56278 SULLIVAN LN, MCKENZIE BRIDGE OR 97413",Complete,null
07/07/2022,509-CA22-00189,Complaint,"28246 SPENCER CREEK RD, EUGENE OR 97405",In Review,null
07/07/2022,509-CA22-00191,Complaint,"2382 5TH ST ST, SPRINGFIELD 97477 United States",Closed,null
07/07/2022,509-CA22-00190,Complaint,"77918 N HWY 99 HWY, COTTAGE GROVE 97424 United States",Closed,null
07/07/2022,509-CA22-00188,Complaint,"91040 HILL RD, SPRINGFIELD OR 97478",In Review,null
07/06/2022,509-CA22-00187,Complaint,"4797 OLD DILLARD RD, EUGENE 97405 United States",Closed,null
07/06/2022,509-CA22-00186,Complaint,United States,Closed,null
07/05/2022,509-CA22-00185,Complaint,"88324 VINEYARD LN, VENETA OR 97487",Closed,null
07/05/2022,509-CA22-00184,Complaint,"88542 3RD AVE, FLORENCE OR 97439",In Review,null
07/02/2022,509-CA22-00183,Complaint,"2158 BERWIN LN, EUGENE 97407 United States",Closed,null
07/01/2022,509-CA22-00182,Complaint,null,Monitoring,null
06/29/2022,509-CA22-00180,Complaint,"24487 BOLTON HILL RD, VENETA OR 97487",Closed,null
06/29/2022,509-CA22-00181,Complaint,"92150 MARCOLA RD, MARCOLA OR 97454",Closed,null
06/28/2022,509-CA22-00179,Complaint,"24487 BOLTON HILL RD, VENETA OR 97487",In Review,null
06/28/2022,509-CA22-00178,Complaint,"92941 TEMPLETON RD, CHESHIRE OR 97419",In Review,null
06/28/2022,509-CA22-00177,Complaint,null,Monitoring,null
06/24/2022,509-CA22-00175,Complaint,"91244 BLUE RIVER RD, BLUE RIVER OR 97413",Complete,null
06/24/2022,509-CA22-00176,Complaint,"50251 MCKENZIE HWY, VIDA 97488 United States",Closed,null
06/23/2022,509-CA22-00174,Complaint,"218 HAWTHORNE AVE, EUGENE 97404 United States",Closed,null
06/21/2022,509-CA22-00173,Complaint,"49953 MCKENZIE HWY, VIDA OR 97488",Closed,
06/21/2022,509-CA22-00172,Complaint,"4244 SCOTTDALE ST, EUGENE 97404 United States",Closed,
06/21/2022,509-CA22-00171,Complaint,"95484 NORATON RD, JUNCTION CITY OR 97448",Closed,
06/16/2022,509-CA22-00169,Complaint,"39246 JASPER LOWELL RD, LOWELL OR 97452",In Review,null
06/16/2022,509-CA22-00170,Complaint,"94862 DODSON CT, JUNCTION CITY OR 97448",Complete,null
06/15/2022,509-CA22-00165,Complaint,"88470 FISHER RD, EUGENE OR 97402",In Review,null
06/15/2022,509-CA22-00164,Complaint,United States,Closed,null
06/15/2022,509-CA22-00167,Complaint,"51744 BLUE RIVER DR, BLUE RIVER OR 97413",Closed,null
06/15/2022,509-CA22-00163,Complaint,United States,Closed,null
06/15/2022,509-CA22-00162,Complaint,"51756 BLUE RIVER DR, BLUE RIVER OR 97413",Closed,null
06/15/2022,509-CA22-00168,Complaint,United States,In Review,null
06/15/2022,509-CA22-00166,Complaint,"91178 MCCAULEY ST, BLUE RIVER OR 97413",Closed,null
06/14/2022,509-CA22-00161,Complaint,"24580 SUTTLE RD, VENETA OR 97487",In Review,
06/14/2022,509-CA22-00160,Complaint,"24932 OAK LN, ELMIRA OR 97437",Closed,null
06/14/2022,509-CA22-00159,Complaint,"51528 MCKENZIE HWY, VIDA OR 97488",Complete,null
06/14/2022,509-CA22-00157,Complaint,"51757 BLUE RIVER DR, BLUE RIVER OR 97413",Complaint Submitted,null
06/14/2022,509-CA22-00158,Complaint,"46503 MCKENZIE HWY HWY, VIDA 97488 United States",Closed,null
06/14/2022,509-CA22-00156,Complaint,"51757 BLUE RIVER DR, BLUE RIVER OR 97413",Complaint Submitted,null
06/13/2022,509-CA22-00155,Complaint,"28952 MEADOWVIEW RD, JUNCTION CITY OR 97448",Complete,null
06/10/2022,509-CA22-00154,Complaint,"88418 COLLARD LAKE RD RD, FLORENCE 97439 United States",Closed,null
06/08/2022,509-CA22-00153,Complaint,"83542 MANZANITA DR, FLORENCE 97439 United States",Closed,null
06/07/2022,509-CA22-00152,Complaint,"82415 BUTTE RD, CRESWELL 97426 United States",Closed,null
06/06/2022,509-CA22-00150,Complaint,"28097 WILDROSE LN, EUGENE OR 97402",In Review,null
06/06/2022,509-CA22-00149,Complaint,"605 S 2 ST, SPRINGFIELD 97477 United States",Closed,null
06/06/2022,509-CA22-00151,Complaint,"3803 PEPPERTREE DRIVE, EUGENE 97402 United States",Closed,null
06/02/2022,509-CA22-00147,Complaint,"82921 PARKER LN, DEXTER OR 97431",In Review,null
06/02/2022,509-CA22-00148,Complaint,"23029 GREEN CREEK RD, ELMIRA OR 97437",Complete,null
06/01/2022,509-CA22-00146,Complaint,"24230 SUTTLE RD, VENETA OR 97487",Closed,null
06/01/2022,509-CA22-00145,Complaint,"34991 SEAVEY LOOP RD, EUGENE OR 97405",In Review,
05/31/2022,509-CA22-00144,Complaint,"500 W RIVER ROAD, EUGENE 97404 United States",Closed,
05/31/2022,509-CA22-00143,Complaint,"19303 HWY 36, BLACHLY OR 97412",In Review,
05/31/2022,509-CA22-00142,Complaint,,In Review,
05/27/2022,509-CA22-00140,Complaint,"95484 NORATON RD, JUNCTION CITY OR 97448",Complete,
05/27/2022,509-CA22-00141,Complaint,"28093 CROSSLEY LN, EUGENE OR 97402",Complete,null
05/25/2022,509-CA22-00139,Complaint,"287 W 5 AVE, JUNCTION CITY 97448 United States",Closed,null
05/23/2022,509-CA22-00138,Complaint,"89034 SHEFFLER RD, ELMIRA OR 97437",In Review,null
05/23/2022,509-CA22-00137,Complaint,"1390 CHAMBERS ST, EUGENE 97402 United States",Closed,null
05/22/2022,509-CA22-00136,Complaint,"24230 SUTTLE RD, VENETA OR 97487",Complete,null
05/20/2022,509-CA22-00135,Complaint,"85334 S WILLAMETTE ST, EUGENE OR 97405",In Review,null
05/19/2022,509-CA22-00134,Complaint,"2789 E C STREET, SPRINGFIELD 97477 United States",Closed,null
05/18/2022,509-CA22-00133,Complaint,"8162 NORTH FORK SIUSLAW RD, FLORENCE OR 97439",In Review,null
05/17/2022,509-CA22-00132,Complaint,"25534 HALL RD, JUNCTION CITY OR 97448",In Review,null
05/17/2022,509-CA22-00131,Complaint,"36505 STAR RD, PLEASANT HILL 97455 United States",Closed,
05/16/2022,509-CA22-00130,Complaint,"92263 CARSON ST, MARCOLA OR 97454",Closed,null
05/11/2022,509-CA22-00129,Complaint,"285 HOWARD AVE, EUGENE 97404 United States",In Review,null
05/11/2022,509-CA22-00127,Complaint,null,In Review,null
05/11/2022,509-CA22-00128,Complaint,"77005 MOSBY CREEK RD, COTTAGE GROVE OR 97424",In Review,null
05/09/2022,509-CA22-00126,Complaint,"39861 MCKENZIE HWY, SPRINGFIELD OR 97478",Complete,null
05/09/2022,509-CA22-00125,Complaint,"33743 MOLITOR HILL RD, COTTAGE GROVE OR 97424",Complete,
05/05/2022,509-CA22-00123,Complaint,"28107 CLEAR LAKE RD, EUGENE OR 97402",Complete,
05/05/2022,509-CA22-00124,Complaint,"26040 MARINA RD, VENETA OR 97487",Closed,
05/04/2022,509-CA22-00122,Complaint,"23223 HWY 36, CHESHIRE 97419 United States",Closed,
05/04/2022,509-CA22-00121,Complaint,,Lien Recorded,
05/03/2022,509-CA22-00120,Complaint,"39474 HWY 58, LOWELL OR 97452",Complete,null
05/03/2022,509-CA22-00119,Complaint,"85265 COYOTE CREEK RD, VENETA OR 97487",Monitoring,null
05/02/2022,509-CA22-00118,Complaint,"37860 M J CHASE RD, SPRINGFIELD OR 97478",Complete,null
04/28/2022,509-CA22-00115,Complaint,"85285 JASPER PARK RD, PLEASANT HILL OR 97455",Complete,null
04/28/2022,509-CA22-00116,Complaint,"575 KNAPP LN, EUGENE OR 97404",Complete,null
04/28/2022,509-CA22-00117,Complaint,"34189 DEL MONTE AVE, EUGENE OR 97405",In Review,null
04/27/2022,509-CA22-00114,Complaint,"88324 VINEYARD LN, VENETA OR 97487",Complete,null
04/26/2022,509-CA22-00113,Complaint,null,In Review,null
04/25/2022,509-CA22-00112,Complaint,"32969 ENGLAND RD, CRESWELL OR 97426",Monitoring,
04/22/2022,509-CA22-00111,Complaint,"22074 PENN RD, VENETA OR 97487",Complete,
04/20/2022,509-CA22-00110,Complaint,"85075 MCBETH RD, EUGENE OR 97405",In Review,null
04/19/2022,509-CA22-00109,Complaint,"39481 LITTLE FALL CREEK RD, FALL CREEK OR 97438",In Review,null
04/15/2022,509-CA22-00107,Complaint,"10692 HWY 126, MAPLETON OR 97453",In Review,null
04/15/2022,509-CA22-00108,Complaint,"87061 GREENRIDGE DR, VENETA OR 97487",Closed,null
04/15/2022,509-CA22-00106,Complaint,"42037 HOLDEN CREEK LN, SPRINGFIELD OR 97478",In Review,null
04/15/2022,509-CA22-00105,Complaint,"37861 ROW RIVER RD, DORENA OR 97434",Monitoring,null
04/14/2022,509-CA22-00104,Complaint,"86476 LORANE HWY, EUGENE OR 97405",Closed,null
04/13/2022,509-CA22-00102,Complaint,"89944 ARMITAGE RD, EUGENE OR 97408",In Review,null
04/13/2022,509-CA22-00103,Complaint,"90632 SUNDERMAN RD, SPRINGFIELD OR 97478",Complete,null
04/12/2022,509-CA22-00101,Complaint,"8240 MCKENZIE HWY, SPRINGFIELD OR 97478",Complete,null
04/11/2022,509-CA22-00099,Complaint,"91078 HILL RD, SPRINGFIELD OR 97478",Monitoring,null
04/11/2022,509-CA22-00098,Complaint,"92370 POWERLINE RD, EUGENE OR 97408",In Review,null
04/11/2022,509-CA22-00100,Complaint,"92666 HWY 99S, JUNCTION CITY OR 97448",In Review,null
04/11/2022,509-CA22-00097,Complaint,"86241 BLOSSOM ST, EUGENE OR 97405",Monitoring,null
04/07/2022,509-CA22-00095,Complaint,"85007 KENSINGTON DR, PLEASANT HILL OR 97455",Complete,null
04/07/2022,509-CA22-00096,Complaint,"1131 HORN LN, EUGENE OR 97404",In Review,null
04/06/2022,509-CA22-00094,Complaint,"885 GRANT ST, EUGENE 97402 United States",Closed,
04/05/2022,509-CA22-00093,Complaint,"85919 TERRITORIAL HWY, EUGENE OR 97402",Monitoring,
04/01/2022,509-CA22-00091,Complaint,"27627 LORANE ORCHARD RD, LORANE OR 97451",Complete,
04/01/2022,509-CA22-00092,Complaint,"2425 DALE AVE, EUGENE OR 97408",In Review,
03/31/2022,509-CA22-00090,Complaint,"676 LONE OAK AVENUE, EUGENE 97404 United States",Closed,null
03/30/2022,509-CA22-00089,Complaint,"87782 ERDMAN WAY, VENETA 97487 United States",In Review,null
03/25/2022,509-CA22-00088,Complaint,"2075 G ST, SPRINGFIELD 97477 United States",Closed,null
03/24/2022,509-CA22-00087,Complaint,"11242 HWY 36, MAPLETON OR 97453",Monitoring,null
03/24/2022,509-CA22-00086,Complaint,"11720 HWY 36 HWY, MAPLETON 97453 United States",In Review,null
03/23/2022,509-CA22-00085,Complaint,"76881 LONDON RD, COTTAGE GROVE OR 97424",Monitoring,null
03/21/2022,509-CA22-00084,Complaint,"29788 WICKWIRE LN, JUNCTION CITY OR 97448",In Review,null
03/18/2022,509-CA22-00083,Complaint,"26330 FERN RIDGE DR, JUNCTION CITY OR 97448",Complete,null
03/17/2022,509-CA22-00082,Complaint,"676 LONE OAK AVE, EUGENE OR 97404",Complete,
03/16/2022,509-CA22-00081,Complaint,,Complete,
03/16/2022,509-CA22-00080,Complaint,"49161 MCKENZIE HWY, VIDA OR 97488",Monitoring,null
03/16/2022,509-CA22-00079,Complaint,"87065 GREENRIDGE DR, VENETA OR 97487",Complete,null
03/14/2022,509-CA22-00077,Complaint,"85882 MCBETH RD, EUGENE 97405 United States",In Review,null
03/14/2022,509-CA22-00078,Complaint,"3920 SHENSTONE DR, EUGENE 97404 United States",Closed,
03/12/2022,509-CA22-00076,Complaint,"90632 SUNDERMAN RD, SPRINGFIELD 97478 United States",Closed,
03/11/2022,509-CA22-00075,Complaint,"71836 W LONDON-WEYERHAEUSER RD, COTTAGE GROVE OR 97424",Monitoring,
03/10/2022,509-CA22-00074,Complaint,"40598 MOHAWK RIVER RD, MARCOLA OR 97454",In Review,
03/09/2022,509-CA22-00073,Complaint,,Complete,
03/09/2022,509-CA22-00072,Complaint,"92909 RIVER RD, JUNCTION CITY OR 97448",Lien Recorded,
03/09/2022,509-CA22-00071,Complaint,"78302 HIGH PRAIRIE RD, OAKRIDGE OR 97463",In Review,
03/08/2022,509-CA22-00070,Complaint,"4436 ALDERBURY ST, EUGENE 97402 United States",Closed,null
03/07/2022,509-CA22-00069,Complaint,"28121 BRIDGES LN, EUGENE OR 97402",Monitoring,null
03/07/2022,509-CA22-00066,Complaint,"51756 W BLUE RIVER DR, BLUE RIVER OR 97413",Closed,null
03/07/2022,509-CA22-00065,Complaint,"51756 W BLUE RIVER DR, BLUE RIVER OR 97413",Closed,null
03/07/2022,509-CA22-00068,Complaint,"25635 JEANS RD, VENETA OR 97487",Complete,null
03/07/2022,509-CA22-00067,Complaint,"51756 W BLUE RIVER DR, BLUE RIVER OR 97413",Closed,null
03/07/2022,509-CA22-00063,Complaint,"91059 HILL RD, SPRINGFIELD OR 97478",In Review,null
03/07/2022,509-CA22-00064,Complaint,"51756 W BLUE RIVER DR, BLUE RIVER OR 97413",Closed,null
03/06/2022,509-CA22-00062,Complaint,"2655 BELMONT ST, EUGENE 97404 United States",Closed,null
03/05/2022,509-CA22-00061,Complaint,"87010 CEDAR FLAT RD, SPRINGFIELD OR 97478",Closed,null
03/04/2022,509-CA22-00060,Complaint,"33737 WITCHER GATEWAY RD, COTTAGE GROVE OR 97424",Complaint Submitted,null
03/03/2022,509-CA22-00056,Complaint,"85315 HEMLOCK ST, FLORENCE OR 97439",Closed,null
03/03/2022,509-CA22-00059,Complaint,United States,In Review,null
03/03/2022,509-CA22-00058,Complaint,"92915 ALLENS ALY, CHESHIRE OR 97419",Monitoring,null
03/03/2022,509-CA22-00057,Complaint,"89034 SHEFFLER RD, ELMIRA OR 97437",In Review,null
03/02/2022,509-CA22-00054,Complaint,"85315 HEMLOCK ST, FLORENCE OR 97439",Closed,null
03/02/2022,509-CA22-00055,Complaint,"85315 HEMLOCK ST, FLORENCE OR 97439",Closed,null
03/01/2022,509-CA22-00053,Complaint,"38740 FLOWERDALE DR, SPRINGFIELD OR 97478",In Review,null
03/01/2022,509-CA22-00052,Complaint,"25362 HIGH PASS RD, JUNCTION CITY OR 97448",Complete,null
02/27/2022,509-CA22-00051,Complaint,"3130 CORALY AVE, EUGENE 97402 United States",Closed,null
02/24/2022,509-CA22-00050,Complaint,United States,Closed,null
02/23/2022,509-CA22-00049,Complaint,"88336 HWY 101, FLORENCE OR 97439",Complete,null
02/23/2022,509-CA22-00048,Complaint,United States,Closed,null
02/22/2022,509-CA22-00046,Complaint,"85956 EDENVALE RD, PLEASANT HILL 97455 United States",Complaint Submitted,null
02/22/2022,509-CA22-00047,Complaint,"10997 E MAPLETON RD, MAPLETON OR 97453",Complete,null
02/21/2022,509-CA22-00044,Complaint,"3605 STARK ST, EUGENE 97404 United States",Closed,null
02/21/2022,509-CA22-00045,Complaint,"39921 39921 CHURCH RD. CIR, FALL CREEK 97478 United States",Complaint Submitted,null
02/18/2022,509-CA22-00040,Complaint,"112 E OAKLEIGH LN, EUGENE 97404 United States",Closed,null
02/18/2022,509-CA22-00039,Complaint,"1415 S BERTELSEN RD, EUGENE 97402 United States",Closed,null
02/18/2022,509-CA22-00041,Complaint,"93925 HORTON RD, BLACHLY OR 97412",Lien Recorded,
02/18/2022,509-CA22-00043,Complaint,"3655 W 13TH AVE, EUGENE 97402 United States",Closed,null
02/18/2022,509-CA22-00042,Complaint,"85 NEPTUNE DR, SPRINGFIELD 97477 United States",Closed,null
02/16/2022,509-CA22-00036,Complaint,"52958 MCKENZIE HWY, BLUE RIVER OR 97413",Complete,null
02/16/2022,509-CA22-00037,Complaint,"115 KINGSBURY AVE, EUGENE OR 97404",Lien Recorded,null
02/16/2022,509-CA22-00035,Complaint,"30779 BLANTON RD, EUGENE OR 97405",In Review,null
02/16/2022,509-CA22-00038,Complaint,"26275 HIGH PASS RD, JUNCTION CITY OR 97448",Closed,null
02/15/2022,509-CA22-00033,Complaint,"26275 HIGH PASS RD, JUNCTION CITY OR 97448",Closed,null
02/15/2022,509-CA22-00034,Complaint,"80460 DELIGHT VALLEY SCHOOL RD, COTTAGE GROVE OR 97424",In Review,null
02/14/2022,509-CA22-00032,Complaint,"26275 HIGH PASS RD, JUNCTION CITY OR 97448",Closed,null
02/14/2022,509-CA22-00031,Complaint,"38243 HWY 58, DEXTER OR 97431",Complaint Submitted,
02/08/2022,509-CA22-00030,Complaint,"90714 GEORGETOWN RD, JUNCTION CITY OR 97448",Monitoring,null
02/08/2022,509-CA22-00029,Complaint,"3900 RIVER RD, EUGENE OR 97404",Complete,null
02/07/2022,509-CA22-00028,Complaint,"26275 HIGH PASS RD, JUNCTION CITY OR 97448",Closed,null
02/03/2022,509-CA22-00027,Complaint,"3605 STARK ST, EUGENE 97404 United States",Closed,null
02/01/2022,509-CA22-00026,Complaint,"26275 HIGH PASS RD, JUNCTION CITY 97448 United States",Monitoring,null
01/31/2022,509-CA22-00024,Complaint,null,Complete,null
01/31/2022,509-CA22-00025,Complaint,"28193 OAKVIEW AVE, EUGENE OR 97402",In Review,null
01/30/2022,509-CA22-00023,Complaint,"85 NEPTUNE AVE, SPRINGFIELD OR 97477",In Review,null
01/26/2022,509-CA22-00022,Complaint,"78352 LAYNG RD, COTTAGE GROVE OR 97424",Complete,null
01/26/2022,509-CA22-00019,Complaint,"430 BANTON AVE, EUGENE 97404 United States",Closed,null
01/26/2022,509-CA22-00021,Complaint,"86055 SWEET CREEK RD, MAPLETON 97453 United States",Closed,null
01/26/2022,509-CA22-00020,Complaint,"2895 MOSBY CREEK RD, COTTAGE GROVE 97424 United States",Closed,null
01/23/2022,509-CA22-00018,Complaint,"3092 HAYDEN BRIDGE RD, SPRINGFIELD OR 97477",Closed,null
01/20/2022,509-CA22-00017,Complaint,"90094 DEMMING RD, ELMIRA OR 97437",Complete,null
01/19/2022,509-CA22-00016,Complaint,"90210 MERRYMAN RD, EUGENE OR 97402",In Review,null
01/13/2022,509-CA22-00014,Complaint,"82227 RATTLESNAKE RD, DEXTER OR 97431",Monitoring,null
01/13/2022,509-CA22-00015,Complaint,"32600 DOOLITTLE RD, COTTAGE GROVE OR 97424",In Review,null
01/12/2022,509-CA22-00012,Complaint,"78497 SEARS RD, COTTAGE GROVE OR 97424",In Review,null
01/12/2022,509-CA22-00013,Complaint,"3112 W MYRNA AVE, EUGENE 97404 United States",Closed,null
01/12/2022,509-CA22-00011,Complaint,"287 S 57TH PL, SPRINGFIELD 97478 United States",Closed,null
01/11/2022,509-CA22-00009,Complaint,"2925 ELMIRA RD, EUGENE 97402 United States",Closed,null
01/11/2022,509-CA22-00010,Complaint,"7776 THURSTON RD, SPRINGFIELD OR 97478",Complaint Submitted,null
01/07/2022,509-CA22-00008,Complaint,"85450 APPLETREE CT, EUGENE OR 97405",Closed,null
01/06/2022,509-CA22-00007,Complaint,"4763 BRIARS ST, EUGENE OR 97404",In Review,null
01/05/2022,509-CA22-00005,Complaint,"84959 PARKWAY RD, PLEASANT HILL OR 97455",In Review,null
01/05/2022,509-CA22-00006,Complaint,"87010 CEDAR FLAT RD, SPRINGFIELD OR 97478",In Review,null
01/04/2022,509-CA22-00003,Complaint,"23724 WARTHEN RD, ELMIRA OR 97437",In Review,null
01/04/2022,509-CA22-00004,Complaint,"2138 RHODODENDRON ST, SPRINGFIELD OR 97477",Complete,null
01/03/2022,509-CA22-00002,Complaint,"25405 IRENE ST, ELMIRA OR 97437",Closed,null
01/01/2022,509-CA22-00001,Complaint,"809 MAXWELL RD, 97404 United States",Closed,null
12/30/2021,509-CA21-00326,Complaint,"48025 MCKENZIE HWY, VIDA OR 97488",In Review,null
12/29/2021,509-CA21-00325,Complaint,"37501 JASPER-LOWELL RD. RD, JASPER 97438 United States",Complaint Submitted,null
12/28/2021,509-CA21-00324,Complaint,United States,Monitoring,null
12/28/2021,509-CA21-00323,Complaint,"28706 SPENCER CREEK RD, EUGENE OR 97405",Complete,null
12/28/2021,509-CA21-00322,Complaint,"3657 W 18TH AVE, EUGENE 97402 United States",Closed,null
12/17/2021,509-CA21-00321,Complaint,"63 LYNNBROOK DR, EUGENE 97404 United States",Closed,null
12/16/2021,509-CA21-00320,Complaint,"260 BAUER CT, EUGENE 97404 United States",Closed,null
12/16/2021,509-CA21-00319,Complaint,"34360 ROW RIVER RD, COTTAGE GROVE OR 97424",In Review,null
12/15/2021,509-CA21-00318,Complaint,"2235 W 6TH AVE, EUGENE 97402 United States",Closed,null
12/13/2021,509-CA21-00315,Complaint,"47419 WESTOAK RD, WESTFIR 97492 United States",In Review,null
12/13/2021,509-CA21-00316,Complaint,"920 SPRUCE ST, JUNCTION CITY OR 97448",In Review,null
12/13/2021,509-CA21-00317,Complaint,"77918 HWY 99, COTTAGE GROVE OR 97424",In Review,null
12/08/2021,509-CA21-00314,Complaint,null,Complete,null
12/07/2021,509-CA21-00312,Complaint,"31681 COBURG BOTTOM LOOP RD, EUGENE OR 97408",Monitoring,null
12/07/2021,509-CA21-00313,Complaint,"82139 DAVISSON RD, CRESWELL OR 97426",Complete,null
12/07/2021,509-CA21-00311,Complaint,"1010 KINTZLEY, SPRINGFIELD 97477 United States",In Review,null
12/07/2021,509-CA21-00310,Complaint,null,In Review,null
12/06/2021,509-CA21-00309,Complaint,"33320 BRYANT RD, CRESWELL OR 97426",Closed,null
12/03/2021,509-CA21-00308,Complaint,"79716 DELIGHT VALLEY SCHOOL RD, COTTAGE GROVE OR 97424",In Review,null
12/02/2021,509-CA21-00307,Complaint,"87939 DOWDY LN, SPRINGFIELD OR 97478",In Review,
12/02/2021,509-CA21-00306,Complaint,"84406 N ENTERPRISE RD, PLEASANT HILL OR 97455",Closed,null
12/01/2021,509-CA21-00304,Complaint,"23682 WARTHEN RD, ELMIRA OR 97437",In Review,null
12/01/2021,509-CA21-00305,Complaint,"787 WOODLAND ACRES LANE, EUGENE United States",Closed,null
11/30/2021,509-CA21-00302,Complaint,"25946 FERGUSON RD, JUNCTION CITY OR 97448",Complete,null
11/30/2021,509-CA21-00303,Complaint,"88141 CHITA LOOP, SPRINGFIELD OR 97478",In Review,null
11/28/2021,509-CA21-00301,Complaint,"266 CROW ROAD, EUGENE 97402 United States",Monitoring,null
11/23/2021,509-CA21-00300,Complaint,,In Review,
11/23/2021,509-CA21-00299,Complaint,"38727 MCKENZIE HWY, SPRINGFIELD OR 97478",Complete,
11/20/2021,509-CA21-00298,Complaint,"1050 CORYDON ST, EUGENE 97401 United States",Closed,
11/19/2021,509-CA21-00297,Complaint,"96494 W HWY 99 HWY, JUNCTION CITY 97448 United States",In Review,
11/18/2021,509-CA21-00296,Complaint,"92500 TERRITORIAL HWY, JUNCTION CITY OR 97448",Complete,null
11/17/2021,509-CA21-00295,Complaint,"1500 SAND TRAP LN, EUGENE 97408 United States",Closed,null
11/16/2021,509-CA21-00294,Complaint,"87356 CEDAR FLAT RD, SPRINGFIELD OR 97478",Complaint Submitted,null
11/13/2021,509-CA21-00293,Complaint,"4075 AERIAL WAY, 97402 97402 United States",Closed,null
11/12/2021,509-CA21-00292,Complaint,null,In Review,null
11/11/2021,509-CA21-00291,Complaint,"1180 W WILLAMETTE ST, EUGEN 97401 United States",Closed,null
11/10/2021,509-CA21-00290,Complaint,"3821 N RIVER RD, EUGENE 97404 United States",Closed,null
11/06/2021,509-CA21-00289,Complaint,"93225 TERRITORIAL HWY, JUNCTION CITY OR 97448",Closed,null
11/04/2021,509-CA21-00288,Complaint,United States,Closed,null
11/04/2021,509-CA21-00286,Complaint,"7906 THURSTON RD, SPRINGFIELD OR 97478",In Review,
11/04/2021,509-CA21-00287,Complaint,"44988 LEABURG DAM RD, LEABURG 97489 United States",Closed,null
11/01/2021,509-CA21-00285,Complaint,United States,Closed,null
11/01/2021,509-CA21-00284,Complaint,"1323 S COTTONWOOD AVE, SPFLD 97477 United States",Closed,null
10/31/2021,509-CA21-00283,Complaint,"575 MALLARD AVE, SPRINGFIELD 97477 United States",Closed,null
10/28/2021,509-CA21-00282,Complaint,null,Complete,null
10/27/2021,509-CA21-00281,Complaint,"85182 BLUE HERON WAY, EUGENE OR 97405",In Review,null
10/26/2021,509-CA21-00280,Complaint,"23731 WARTHEN RD, ELMIRA 97437 United States",Closed,null
10/26/2021,509-CA21-00279,Complaint,"89715 UPPER JOHNSON CREEK RD, LEABURG OR 97489",In Review,null
10/26/2021,509-CA21-00278,Complaint,"85265 COYOTE CREEK RD, VENETA OR 97487",Complete,null
10/25/2021,509-CA21-00277,Complaint,"37071 WALLACE CREEK RD, SPRINGFIELD United States",In Review,null
10/25/2021,509-CA21-00276,Complaint,"49828 HUCKLEBERRY RD, OAKRIDGE OR 97463",In Review,null
10/22/2021,509-CA21-00275,Complaint,"91808 MILL CREEK RD, BLUE RIVER OR 97413",Complete,null
10/20/2021,509-CA21-00273,Complaint,"75586 WICKS RD, DORENA OR 97434",In Review,null
10/20/2021,509-CA21-00274,Complaint,"79182 HWY 99, COTTAGE GROVE OR 97424",Complete,null
10/19/2021,509-CA21-00271,Complaint,"30050 W BEACON DR, JUNCTION CITY 97448 United States",Closed,null
10/19/2021,509-CA21-00272,Complaint,"6313 SKUNK HOLLOW RD, FLORENCE OR 97439",In Review,
10/16/2021,509-CA21-00270,Complaint,"36505 STAR RD, PLEASANT HILL 97455 United States",Closed,
10/16/2021,509-CA21-00269,Complaint,"571 W 8TH AVE, EUGENE 97401 United States",Closed,
10/14/2021,509-CA21-00268,Complaint,"82260 BEAR CREEK RD, CRESWELL OR 97426",Complete,
10/14/2021,509-CA21-00267,Complaint,"54390 RAINBOW DR, BLUE RIVER OR 97413",Complete,
10/14/2021,509-CA21-00266,Complaint,"54396 RAINBOW DR, MCKENZIE BRIDGE OR 97413",Monitoring,null
10/13/2021,509-CA21-00265,Complaint,"3655 FRANKLIN BLVD, EUGENE 97403 United States",Closed,null
10/13/2021,509-CA21-00264,Complaint,"3655 FRANKLIN BLVD, EUGENE 97403 United States",Closed,null
10/12/2021,509-CA21-00263,Complaint,"93925 HORTON RD, BLACHLY OR 97412",In Review,null
10/11/2021,509-CA21-00262,Complaint,"2125 SALLY WAY, EUGENE 97401 United States",Closed,null
10/08/2021,509-CA21-00261,Complaint,"88677 ERMI BEE RD, SPRINGFIELD OR 97478",Complete,null
10/07/2021,509-CA21-00260,Complaint,"26339 CHAPMAN HEIGHTS RD, EUGENE OR 97402",Monitoring,null
10/06/2021,509-CA21-00259,Complaint,"815 IRVING RD, EUGENE 97404 United States",Closed,null
10/06/2021,509-CA21-00258,Complaint,"13951 HWY 36, SWISSHOME OR 97480",In Review,null
10/01/2021,509-CA21-00256,Complaint,"2140 E IRWIN WAY, EUGENE 97402 United States",Closed,
10/01/2021,509-CA21-00257,Complaint,United States,In Review,null
09/29/2021,509-CA21-00255,Complaint,"49164 MCKENZIE HWY, VIDA OR 97488",Closed,null
09/28/2021,509-CA21-00254,Complaint,"30119 OVERHOLSER RD, COTTAGE GROVE OR 97424",Complete,null
09/27/2021,509-CA21-00252,Complaint,"87248 MUNSEL LAKE RD, FLORENCE OR 97439",In Review,null
09/27/2021,509-CA21-00253,Complaint,"25046 JAEG RD, JUNCTION CITY OR 97448",Complaint Submitted,
09/23/2021,509-CA21-00250,Complaint,"92507 MARTIN LN, MARCOLA OR 97454",Closed,
09/23/2021,509-CA21-00251,Complaint,,In Review,
09/23/2021,509-CA21-00249,Complaint,"30747 LONE PINE DR, JUNCTION CITY OR 97448",In Review,
09/22/2021,509-CA21-00248,Complaint,"34142 EL ROBLE AVE, EUGENE 97405 United States",Complaint Submitted,
09/21/2021,509-CA21-00246,Complaint,"28460 SUTHERLIN LN, EUGENE OR 97405",Complaint Submitted,
09/21/2021,509-CA21-00247,Complaint,"3911 E 16 ST, EUGENE 97403 United States",Closed,null
09/19/2021,509-CA21-00245,Complaint,"1910 BRITTANY ST, EUGENE 97405 United States",Closed,null
09/17/2021,509-CA21-00244,Complaint,"91414 STALLINGS LANE LN, EUGENE 97408 United States",Closed,null
09/16/2021,509-CA21-00243,Complaint,"86635 PINE GROVE RD, EUGENE OR 97402",In Review,null
09/15/2021,509-CA21-00242,Complaint,"92655 PASCHELKE RD, MARCOLA OR 97454",Monitoring,null
09/14/2021,509-CA21-00241,Complaint,"255 E 18TH AVE, EUGENE 97401 United States",Closed,null
09/13/2021,509-CA21-00240,Complaint,"89034 SHEFFLER RD, ELMIRA OR 97437",Monitoring,null
09/10/2021,509-CA21-00238,Complaint,"29700 WICKWIRE LN, JUNCTION CITY OR 97448",Monitoring,null
09/10/2021,509-CA21-00239,Complaint,"52560 MCKENZIE HWY, BLUE RIVER OR 97413",Complete,null
09/09/2021,509-CA21-00236,Complaint,"37181 ROW RIVER RD, DORENA OR 97434",Complete,null
09/09/2021,509-CA21-00237,Complaint,"5590 SOUTH SHORE DR, FLORENCE OR 97439",In Review,null
09/07/2021,509-CA21-00235,Complaint,"897 S 47TH ST, SPRINGFIELD OR 97478",Complaint Submitted,null
09/05/2021,509-CA21-00234,Complaint,"48520 MCKENZIE HWY, VIDA OR 97488",Complaint Submitted,null
09/03/2021,509-CA21-00232,Complaint,"86299 W LORANE HWY HWY, EUGENE 97405 United States",Complaint Submitted,null
09/03/2021,509-CA21-00233,Complaint,"87800 CENTRAL RD, EUGENE OR 97402",Closed,null
08/30/2021,509-CA21-00231,Complaint,null,Monitoring,null
08/30/2021,509-CA21-00230,Complaint,"38965 DEXTER RD, SPC 23, DEXTER OR 97431",Monitoring,null
08/29/2021,509-CA21-00228,Complaint,"5840 MARTIN RD, FLORENCE 97439 United States",In Review,null
08/29/2021,509-CA21-00227,Complaint,"5840 MARTIN RD, FLORENCE 97439 United States",In Review,null
08/29/2021,509-CA21-00229,Complaint,"5784 MARTIN RD, FLORENCE 97439 United States",In Review,null
08/29/2021,509-CA21-00226,Complaint,"23473 HWY 36, CHESHIRE OR 97419",Complete,null
08/28/2021,509-CA21-00224,Complaint,"901 N PARK AVE, EUGENE OR 97404",Closed,null
08/28/2021,509-CA21-00225,Complaint,"83036 SILTCOOS STATION RD, WESTLAKE OR 97493",In Review,null
08/27/2021,509-CA21-00223,Complaint,"134 ELKAY DR, EUGENE 97404 United States",Closed,null
08/26/2021,509-CA21-00222,Complaint,"54721 CADDIS LN, MCKENZIE BRIDGE OR 97413",Closed,null
08/25/2021,509-CA21-00221,Complaint,"90756 ALVADORE RD, JUNCTION CITY OR 97448",In Review,
08/24/2021,509-CA21-00220,Complaint,"92255 WALLING ST, MARCOLA OR 97454",Complete,
08/24/2021,509-CA21-00219,Complaint,"76377 BLUE MOUNTAIN SCHOOL RD, COTTAGE GROVE OR 97424",Complete,
08/24/2021,509-CA21-00218,Complaint,,Monitoring,
08/23/2021,509-CA21-00217,Complaint,"26275 HIGH PASS RD, JUNCTION CITY 97448 United States",Closed,
08/20/2021,509-CA21-00216,Complaint,"7906 THURSTON RD, SPRINGFIELD OR 97478",Closed,null
08/19/2021,509-CA21-00214,Complaint,"90847 HILL RD, SPRINGFIELD 97478 United States",Complete,null
08/19/2021,509-CA21-00215,Complaint,"91710 BURTON DR, MCKENZIE BRIDGE 97413 United States",Complete,null
08/18/2021,509-CA21-00212,Complaint,"39253 ROW RIVER RD, DORENA OR 97434",In Review,null
08/18/2021,509-CA21-00213,Complaint,"87649 PARKSIDE DR, FLORENCE OR 97439",Closed,null
08/17/2021,509-CA21-00211,Complaint,"91808 MILL CREEK RD, BLUE RIVER 97413 United States",Closed,null
08/17/2021,509-CA21-00210,Complaint,"78206 MOSBY CREEK RD, COTTAGE GROVE OR 97424",In Review,null
08/16/2021,509-CA21-00208,Complaint,United States,Monitoring,null
08/16/2021,509-CA21-00209,Complaint,"87939 DOWDY LN, SPRINGFIELD OR 97478",Closed,null
08/13/2021,509-CA21-00206,Complaint,"90130 LAKE CREEK MOUNTAIN RD RD, DEADWOOD 97430 United States",Closed,null
08/13/2021,509-CA21-00207,Complaint,"87010 CEDAR FLAT RD, SPRINGFIEILD 97478 United States",Complaint Submitted,null
08/13/2021,509-CA21-00205,Complaint,"34831 SEAVEY LOOP RD, EUGENE United States",In Review,null
08/11/2021,509-CA21-00203,Complaint,"40120 BIG FALL CREEK RD, LOWELL 97452 United States",Complete,null
08/11/2021,509-CA21-00204,Complaint,"51778 DEXTER ST, SPC 6, BLUE RIVER OR 97413",Monitoring,null
08/07/2021,509-CA21-00202,Complaint,"87937 DOWDY LN, SPRINGFIELD OR 97478",Complete,null
08/05/2021,509-CA21-00200,Complaint,"54721 CADDIS LN, MCKENZIE BRIDGE OR 97413",Complete,null
08/05/2021,509-CA21-00199,Complaint,"89399 N 89399 NORTH LN LN, FLORENCE 97439 United States",Closed,null
08/05/2021,509-CA21-00201,Complaint,"3237 DOWNING STREET ST, EUGENE 97408 United States",Closed,null
08/04/2021,509-CA21-00197,Complaint,"35236 BRABHAM RD, PLEASANT HILL OR 97455",Monitoring,null
08/04/2021,509-CA21-00195,Complaint,"89020 CONRAD RD, VENETA OR 97487",Monitoring,null
08/04/2021,509-CA21-00194,Complaint,"46503 MCKENZIE HWY, VIDA OR 97488",Monitoring,null
08/04/2021,509-CA21-00196,Complaint,"91782 MILL CREEK RD, BLUE RIVER OR 97413",In Review,null
08/04/2021,509-CA21-00198,Complaint,"0 LEVAGE DR, FLORENCE 97439 United States",Closed,null
08/03/2021,509-CA21-00193,Complaint,"95981 HWY 101, YACHATS OR 97498",Monitoring,null
08/01/2021,509-CA21-00192,Complaint,"40282 STORMENT LN, SPRINGFIELD OR 97478",Closed,null
07/31/2021,509-CA21-00191,Complaint,"40282 STORMENT LN, SPRINGFIELD OR 97478",Closed,null
07/30/2021,509-CA21-00190,Complaint,"51757 BLUE RIVER DR, BLUE RIVER OR 97413",Closed,null
07/30/2021,509-CA21-00189,Complaint,"6715 E ST, SPRINGFIELD 97478 United States",Closed,null
07/29/2021,509-CA21-00188,Complaint,"92412 HWY 99S, JUNCTION CITY OR 97448",Complete,null
07/29/2021,509-CA21-00187,Complaint,"24760 DEMMING RIDGE RD, ELMIRA OR 97437",Complete,null
07/29/2021,509-CA21-00186,Complaint,"25596 MILO RD, VENETA OR 97487",In Review,null
07/28/2021,509-CA21-00185,Complaint,"33320 BRYANT RD, CRESWELL OR 97426",In Review,null
07/27/2021,509-CA21-00184,Complaint,"84820 CLOVERDALE RD, CRESWELL OR 97426",Closed,null
07/26/2021,509-CA21-00182,Complaint,"91414 STALLINGS LN, EUGENE 97408 United States",Closed,null
07/26/2021,509-CA21-00181,Complaint,"34960 PERKINS CREEK RD, COTTAGE GROVE OR 97424",Complete,null
07/26/2021,509-CA21-00179,Complaint,"36525 STAR RD, PLEASANT HILL OR 97455",Monitoring,null
07/26/2021,509-CA21-00183,Complaint,"90239 FISH HATCHERY RD, LEABURG OR 97489",Monitoring,null
07/26/2021,509-CA21-00180,Complaint,"92909 RIVER RD, JUNCTION CITY OR 97448",Lien Recorded,null
07/25/2021,509-CA21-00178,Complaint,"22569 NOTI LOOP, NOTI OR 97461",Closed,null
07/23/2021,509-CA21-00175,Complaint,United States,Complete,null
07/23/2021,509-CA21-00177,Complaint,"43853 MCKENZIE HWY, LEABURG OR 97489",Complete,null
07/23/2021,509-CA21-00174,Complaint,"40282 STORMENT LN, SPRINGFIELD 97478 United States",Closed,null
07/23/2021,509-CA21-00176,Complaint,"40282 STORMENT LN, SPRINGFIELD 97478 United States",Closed,null
07/22/2021,509-CA21-00171,Complaint,"32451 COBURG BOTTOM LOOP ROAD, EUGENE 97408 United States",Closed,null
07/22/2021,509-CA21-00172,Complaint,"37470 SUMMER CREEK RD, DEXTER OR 97431",Complete,null
07/22/2021,509-CA21-00170,Complaint,"32451 COBURG BOTTOM LOOP ROAD, EUGENE 97408 United States",Closed,null
07/22/2021,509-CA21-00169,Complaint,"76377 BLUE MOUNTAIN SCHOOL RD, COTTAGE GROVE OR 97424",Complete,null
07/22/2021,509-CA21-00173,Complaint,"80670 LOST CREEK RD, DEXTER OR 97431",Closed,null
07/21/2021,509-CA21-00167,Complaint,"31776 GOWDYVILLE RD, COTTAGE GROVE 97424 United States",In Review,null
07/21/2021,509-CA21-00168,Complaint,"1020 SKIPPER, EUGENE 97404 United States",Closed,null
07/20/2021,509-CA21-00165,Complaint,"32020 HULL RD, COTTAGE GROVE 97424 United States",Complaint Submitted,null
07/20/2021,509-CA21-00166,Complaint,"133 AZALEA DR, EUGENE 97404 United States",Closed,null
07/19/2021,509-CA21-00163,Complaint,"76946 HARVEY DR, OAKRIDGE OR 97463",Complete,null
07/19/2021,509-CA21-00162,Complaint,"1289 CHASE ST, EUGENE 97402 United States",Closed,null
07/19/2021,509-CA21-00164,Complaint,"48240 MCFARLAND RD, OAKRIDGE OR 97463",Complete,null
07/19/2021,509-CA21-00160,Complaint,"301 AZALEA DR, EUGENE 97404 United States",Closed,null
07/19/2021,509-CA21-00161,Complaint,"337 KNOOP LN, EUGENE OR 97404",In Review,null
07/17/2021,509-CA21-00159,Complaint,"2300 BEAVER ST, EUGENE 97404 United States",Closed,null
07/16/2021,509-CA21-00158,Complaint,United States,Closed,null
07/15/2021,509-CA21-00157,Complaint,"5816 MARTIN RD, FLORENCE OR 97439",Closed,null
07/14/2021,509-CA21-00155,Complaint,"3381 E ANDY DEVINE AVE, KINGMAN 86401 United States",Closed,null
07/14/2021,509-CA21-00156,Complaint,"82123 RIVER DR, CRESWELL OR 97426",Complete,null
07/13/2021,509-CA21-00153,Complaint,"5816 MARTIN RD, FLORENCE OR 97439",Closed,null
07/13/2021,509-CA21-00154,Complaint,United States,Closed,null
07/12/2021,509-CA21-00152,Complaint,"5816 MARTIN RD, FLORENCE OR 97439",Closed,null
07/09/2021,509-CA21-00151,Complaint,"91968 TAYLOR RD, MCKENZIE BRIDGE OR 97413",Complaint Submitted,null
07/08/2021,509-CA21-00148,Complaint,"92465 PIOCH LN, SPRINGFIELD OR 97478",Complaint Submitted,null
07/08/2021,509-CA21-00150,Complaint,"106 THOMASON LN, EUGENE 97404 United States",Closed,null
07/08/2021,509-CA21-00149,Complaint,"26454 PICKENS RD, EUGENE OR 97402",In Review,null
07/07/2021,509-CA21-00147,Complaint,"5816 MARTIN RD, FLORENCE OR 97439",Closed,null
07/06/2021,509-CA21-00146,Complaint,"5816 MARTIN RD, FLORENCE OR 97439",Complete,null
07/06/2021,509-CA21-00145,Complaint,"36525 STAR RD, PLEASANT HILL OR 97455",Closed,null
07/05/2021,509-CA21-00144,Complaint,"51757 BLUE RIVER DR, BLUE RIVER OR 97413",Closed,null
07/05/2021,509-CA21-00142,Complaint,"91414 STALLINGS LN, EUGENE OR 97408",Closed,null
07/05/2021,509-CA21-00143,Complaint,United States,Closed,null
07/02/2021,509-CA21-00141,Complaint,"322 ARGON AVE, EUGENE 97404 United States",Closed,null
07/01/2021,509-CA21-00140,Complaint,"76636 W LONDON RD, COTTAGE GROVE 97424 United States",Closed,null
07/01/2021,509-CA21-00139,Complaint,"518 SWEETWATER LANE, EUGENE 97404 United States",Closed,null
06/28/2021,509-CA21-00137,Complaint,"900 RIVER LOOP #1, EUGENE 97404 United States",Closed,null
06/28/2021,509-CA21-00138,Complaint,United States,Closed,null
06/27/2021,509-CA21-00136,Complaint,"87939 DOWDY LN, SPRINGFIELD OR 97478",Closed,null
06/25/2021,509-CA21-00134,Complaint,"87010 CEDAR FLAT RD, SPRINGFIELD OR 97478",Closed,null
06/25/2021,509-CA21-00135,Complaint,"301 464 SALTY WAY DR, EUGENE 97404 United States",Closed,null
06/24/2021,509-CA21-00133,Complaint,"27645 SNYDER RD, JUNCTION CITY OR 97448",Closed,null
06/21/2021,509-CA21-00132,Complaint,United States,Closed,null
06/21/2021,509-CA21-00131,Complaint,"63 LYNNBROOK DR, EUGENE OR 97404",Complete,null
06/21/2021,509-CA21-00130,Complaint,"88875 TORRENCE RD, NOTI OR 97461",Monitoring,null
06/19/2021,509-CA21-00129,Complaint,"1056 SANBORN AVE, EUGENE 97404 United States",Closed,null
06/18/2021,509-CA21-00127,Complaint,"26454 PICKENS RD, EUGENE OR 97402",Closed,null
06/18/2021,509-CA21-00128,Complaint,"90949 MAIN ST, JUNCTION CITY OR 97448",Complete,null
06/16/2021,509-CA21-00126,Complaint,"92667 PENTILLA LN, SPRINGFIELD OR 97478",Monitoring,null
06/14/2021,509-CA21-00125,Complaint,"91889 SKINNER LN, JUNCTION CITY OR 97448",Complete,null
Date,Record Number,Record Type,Address,Status,Short Notes
Date,Record Number,Record Type,Address,Status,Short Notes
Date,Record Number,Record Type,Address,Status,Short Notes
Date,Record Number,Record Type,Address,Status,Short Notes
Date,Record Number,Record Type,Address,Status,Short Notes
Date,Record Number,Record Type,Address,Status,Short Notes
Date,Record Number,Record Type,Address,Status,Short Notes
Date,Record Number,Record Type,Address,Status,Short Notes
Date,Record Number,Record Type,Address,Status,Short Notes
Date,Record Number,Record Type,Address,Status,Short Notes
Date,Record Number,Record Type,Address,Status,Short Notes
Date,Record Number,Record Type,Address,Status,Short Notes
Date,Record Number,Record Type,Address,Status,Short Notes
Date,Record Number,Record Type,Address,Status,Short Notes
Date,Record Number,Record Type,Address,Status,Short Notes
Date,Record Number,Record Type,Address,Status,Short Notes
Date,Record Number,Record Type,Address,Status,Short Notes
Date,Record Number,Record Type,Address,Status,Short Notes
Date,Record Number,Record Type,Address,Status,Short Notes
Date,Record Number,Record Type,Address,Status,Short Notes
Date,Record Number,Record Type,Address,Status,Short Notes
Date,Record Number,Record Type,Address,Status,Short Notes
Date,Record Number,Record Type,Address,Status,Short Notes
